FECHA DOCUMENTO;COD. CLIENTE;VALOR PAGADO;FECHA PAGO;MÉTODO DE PAGO;ARCHIVO_ORIGEN
2012026;1224484707;240150;2/01/2026;WALLET;PAGOS02012026.csv
2012026;1224152127;502064;2/01/2026;WALLET;PAGOS02012026.csv
2012026;1224152127;405300;2/01/2026;WALLET;PAGOS02012026.csv
2012026;1224416372;1894100;2/01/2026;WALLET;PAGOS02012026.csv
2012026;1224479789;79600;2/01/2026;WALLET;PAGOS02012026.csv
2012026;1224504412;492900;2/01/2026;WALLET;PAGOS02012026.csv
2012026;1224718837;2759773;2/01/2026;WALLET;PAGOS02012026.csv
2012026;1200564516;180000;2/01/2026;WALLET;PAGOS02012026.csv
2012026;1210720119;210000;2/01/2026;WALLET;PAGOS02012026.csv
2012026;1224527697;380700;2/01/2026;WALLET;PAGOS02012026.csv
2012026;1224211126;50000;2/01/2026;WALLET;PAGOS02012026.csv
2012026;1210701063;1103996;2/01/2026;WALLET;PAGOS02012026.csv
2012026;1224023928;260056;2/01/2026;WALLET;PAGOS02012026.csv
2012026;1200343507;1380769;2/01/2026;WALLET;PAGOS02012026.csv
2012026;1224527697;610000;2/01/2026;WALLET;PAGOS02012026.csv
2012026;1224385679;293056;2/01/2026;WALLET;PAGOS02012026.csv
2012026;1210734752;164653;2/01/2026;WALLET;PAGOS02012026.csv
2012026;1224382049;848097;2/01/2026;WALLET;PAGOS02012026.csv
2012026;1210119255;566900;2/01/2026;WALLET;PAGOS02012026.csv
2012026;1224649085;817641;2/01/2026;WALLET;PAGOS02012026.csv
2012026;1224565004;688113;2/01/2026;WALLET;PAGOS02012026.csv
2012026;1224403248;133500;2/01/2026;WALLET;PAGOS02012026.csv
2012026;1224577847;114700;2/01/2026;WALLET;PAGOS02012026.csv
2012026;1201274780;1992400;2/01/2026;WALLET;PAGOS02012026.csv
2012026;1224351037;1412745;2/01/2026;WALLET;PAGOS02012026.csv
2012026;1224577847;140700;2/01/2026;WALLET;PAGOS02012026.csv
2012026;1201683835;1171551;2/01/2026;WALLET;PAGOS02012026.csv
2012026;1200522473;132664;2/01/2026;WALLET;PAGOS02012026.csv
2012026;1210253473;876072;2/01/2026;WALLET;PAGOS02012026.csv
2012026;1224577847;114700;2/01/2026;WALLET;PAGOS02012026.csv
2012026;1224442007;310892;2/01/2026;WALLET;PAGOS02012026.csv
2012026;1201399042;280100;2/01/2026;WALLET;PAGOS02012026.csv
2012026;1224633705;181522;2/01/2026;WALLET;PAGOS02012026.csv
2012026;1224498391;55000;2/01/2026;WALLET;PAGOS02012026.csv
2012026;1210369935;143500;2/01/2026;WALLET;PAGOS02012026.csv
2012026;1200745393;183450;2/01/2026;WALLET;PAGOS02012026.csv
2012026;1210641133;105100;2/01/2026;WALLET;PAGOS02012026.csv
2012026;1210328847;166100;2/01/2026;WALLET;PAGOS02012026.csv
2012026;1224421343;557500;2/01/2026;WALLET;PAGOS02012026.csv
2012026;1224156751;620848;2/01/2026;WALLET;PAGOS02012026.csv
2012026;1210536905;295000;2/01/2026;WALLET;PAGOS02012026.csv
2012026;1201531594;145000;2/01/2026;WALLET;PAGOS02012026.csv
2012026;1210237427;102500;2/01/2026;WALLET;PAGOS02012026.csv
2012026;1210614430;594600;2/01/2026;WALLET;PAGOS02012026.csv
2012026;1210537204;246950;2/01/2026;WALLET;PAGOS02012026.csv
2012026;1224662664;340300;2/01/2026;WALLET;PAGOS02012026.csv
2012026;1200727885;1109792;2/01/2026;WALLET;PAGOS02012026.csv
2012026;1201001963;115000;2/01/2026;WALLET;PAGOS02012026.csv
2012026;1224532918;2229300;2/01/2026;WALLET;PAGOS02012026.csv
2012026;1224605769;557700;2/01/2026;WALLET;PAGOS02012026.csv
2012026;1201682490;358200;2/01/2026;WALLET;PAGOS02012026.csv
2012026;1210645252;2927019;2/01/2026;WALLET;PAGOS02012026.csv
2012026;1201001963;9919;2/01/2026;WALLET;PAGOS02012026.csv
2012026;1224466436;106650;2/01/2026;WALLET;PAGOS02012026.csv
2012026;1224342748;2544600;2/01/2026;WALLET;PAGOS02012026.csv
2012026;1210730054;268900;2/01/2026;WALLET;PAGOS02012026.csv
2012026;1210014538;90000;2/01/2026;WALLET;PAGOS02012026.csv
2012026;1224607763;592800;2/01/2026;WALLET;PAGOS02012026.csv
2012026;1224677915;778800;2/01/2026;WALLET;PAGOS02012026.csv
2012026;1224069097;3669950;2/01/2026;WALLET;PAGOS02012026.csv
2012026;1224470971;257508;2/01/2026;WALLET;PAGOS02012026.csv
2012026;1224450079;368800;2/01/2026;WALLET;PAGOS02012026.csv
2012026;1224613198;1749400;2/01/2026;WALLET;PAGOS02012026.csv
2012026;1224484707;35000;2/01/2026;WALLET;PAGOS02012026.csv
2012026;1210321507;86700;2/01/2026;WALLET;PAGOS02012026.csv
2012026;1224331892;1365500;2/01/2026;TRANSFERENCIA;PAGOS02012026.csv
2012026;1210258423;1035171;2/01/2026;TRANSFERENCIA;PAGOS02012026.csv
2012026;1210369415;75903;2/01/2026;TRANSFERENCIA;PAGOS02012026.csv
2012026;1210369415;103303;2/01/2026;TRANSFERENCIA;PAGOS02012026.csv
2012026;1210199014;406850;2/01/2026;CONSIGNACIÓN;PAGOS02012026.csv
2012026;1201535532;436400;2/01/2026;CONSIGNACIÓN;PAGOS02012026.csv
2012026;1224239401;180000;2/01/2026;CONSIGNACIÓN;PAGOS02012026.csv
2012026;1224641708;325609;2/01/2026;CONSIGNACIÓN;PAGOS02012026.csv
2012026;1224641708;820300;2/01/2026;CONSIGNACIÓN;PAGOS02012026.csv
2012026;1202251487;200279;2/01/2026;CONSIGNACIÓN;PAGOS02012026.csv
2012026;1210216008;329550;2/01/2026;CONSIGNACIÓN;PAGOS02012026.csv
2012026;1200612254;290000;2/01/2026;CONSIGNACIÓN;PAGOS02012026.csv
2012026;1210613556;336950;2/01/2026;CONSIGNACIÓN;PAGOS02012026.csv
2012026;1210095368;2468100;2/01/2026;CONSIGNACIÓN;PAGOS02012026.csv
2012026;1210095368;393000;2/01/2026;CONSIGNACIÓN;PAGOS02012026.csv
2012026;1224490256;236100;2/01/2026;CONSIGNACIÓN;PAGOS02012026.csv
2012026;1224146385;2995000;2/01/2026;CONSIGNACIÓN;PAGOS02012026.csv
2012026;1210024158;279150;2/01/2026;CONSIGNACIÓN;PAGOS02012026.csv
2012026;1210024158;170431;2/01/2026;CONSIGNACIÓN;PAGOS02012026.csv
2012026;1224236577;1459145;2/01/2026;CONSIGNACIÓN;PAGOS02012026.csv
2012026;1200647383;455900;2/01/2026;CONSIGNACIÓN;PAGOS02012026.csv
2012026;1224378287;175000;2/01/2026;CONSIGNACIÓN;PAGOS02012026.csv
2012026;1224028213;212500;2/01/2026;CONSIGNACIÓN;PAGOS02012026.csv
2012026;1201063064;573000;2/01/2026;CONSIGNACIÓN;PAGOS02012026.csv
2012026;1210717711;130000;2/01/2026;CONSIGNACIÓN;PAGOS02012026.csv
2012026;1210721493;184300;2/01/2026;CONSIGNACIÓN;PAGOS02012026.csv
2012026;1210407932;436302;2/01/2026;CONSIGNACIÓN;PAGOS02012026.csv
2012026;1201873058;447300;2/01/2026;CONSIGNACIÓN;PAGOS02012026.csv
2012026;1224017642;666300;2/01/2026;CONSIGNACIÓN;PAGOS02012026.csv
2012026;1200568165;406600;2/01/2026;CONSIGNACIÓN;PAGOS02012026.csv
2012026;1200511638;661128;2/01/2026;CONSIGNACIÓN;PAGOS02012026.csv
2012026;1224433437;920500;2/01/2026;CONSIGNACIÓN;PAGOS02012026.csv
2012026;1205102544;140000;2/01/2026;CONSIGNACIÓN;PAGOS02012026.csv
2012026;1210173571;119272;2/01/2026;CONSIGNACIÓN;PAGOS02012026.csv
2012026;1210173571;155900;2/01/2026;CONSIGNACIÓN;PAGOS02012026.csv
2012026;1210173571;120000;2/01/2026;CONSIGNACIÓN;PAGOS02012026.csv
2012026;1224382049;348000;2/01/2026;CONSIGNACIÓN;PAGOS02012026.csv
2012026;1200505498;208500;2/01/2026;CONSIGNACIÓN;PAGOS02012026.csv
2012026;1210618442;485600;2/01/2026;CONSIGNACIÓN;PAGOS02012026.csv
2012026;1210422238;110400;2/01/2026;CONSIGNACIÓN;PAGOS02012026.csv
2012026;1224189468;500000;2/01/2026;CONSIGNACIÓN;PAGOS02012026.csv
2012026;1210422238;110400;2/01/2026;CONSIGNACIÓN;PAGOS02012026.csv
2012026;1224038440;4225704;2/01/2026;CONSIGNACIÓN;PAGOS02012026.csv
2012026;1210152173;66600;2/01/2026;CONSIGNACIÓN;PAGOS02012026.csv
2012026;1200610916;480700;2/01/2026;CONSIGNACIÓN;PAGOS02012026.csv
2012026;1200526473;275753;2/01/2026;CONSIGNACIÓN;PAGOS02012026.csv
2012026;1210737917;534000;2/01/2026;CONSIGNACIÓN;PAGOS02012026.csv
2012026;1224349881;522400;2/01/2026;CONSIGNACIÓN;PAGOS02012026.csv
2012026;1224582695;5981700;2/01/2026;CONSIGNACIÓN;PAGOS02012026.csv
2012026;1210590091;377200;2/01/2026;CONSIGNACIÓN;PAGOS02012026.csv
2012026;1224723658;511907;2/01/2026;CONSIGNACIÓN;PAGOS02012026.csv
2012026;1224433005;1500000;2/01/2026;CONSIGNACIÓN;PAGOS02012026.csv
2012026;1224296329;299000;2/01/2026;CONSIGNACIÓN;PAGOS02012026.csv
2012026;1224086194;686607;2/01/2026;CONSIGNACIÓN;PAGOS02012026.csv
2012026;1210181153;203750;2/01/2026;CONSIGNACIÓN;PAGOS02012026.csv
2012026;1224656374;369000;2/01/2026;CONSIGNACIÓN;PAGOS02012026.csv
2012026;1210283551;449600;2/01/2026;CONSIGNACIÓN;PAGOS02012026.csv
2012026;1200014272;770547;2/01/2026;CONSIGNACIÓN;PAGOS02012026.csv
2012026;1200014272;33800;2/01/2026;CONSIGNACIÓN;PAGOS02012026.csv
2012026;1200014272;258985;2/01/2026;CONSIGNACIÓN;PAGOS02012026.csv
2012026;1200014272;34799;2/01/2026;CONSIGNACIÓN;PAGOS02012026.csv
2012026;1200014272;65757;2/01/2026;CONSIGNACIÓN;PAGOS02012026.csv
2012026;1200014272;105000;2/01/2026;CONSIGNACIÓN;PAGOS02012026.csv
2012026;1224162006;302400;2/01/2026;CONSIGNACIÓN;PAGOS02012026.csv
2012026;1201023416;55000;2/01/2026;CONSIGNACIÓN;PAGOS02012026.csv
2012026;1210616607;648900;2/01/2026;CONSIGNACIÓN;PAGOS02012026.csv
2012026;1210543324;400000;2/01/2026;CONSIGNACIÓN;PAGOS02012026.csv
2012026;1210473819;737500;2/01/2026;CONSIGNACIÓN;PAGOS02012026.csv
2012026;1210425938;1121573;2/01/2026;CONSIGNACIÓN;PAGOS02012026.csv
2012026;1210173571;240000;2/01/2026;CONSIGNACIÓN;PAGOS02012026.csv
2012026;1202602015;772000;2/01/2026;CONSIGNACIÓN;PAGOS02012026.csv
2012026;1201918905;496712;2/01/2026;CONSIGNACIÓN;PAGOS02012026.csv
2012026;1200670517;948353;2/01/2026;CONSIGNACIÓN;PAGOS02012026.csv
2012026;1205101082;1363778;2/01/2026;CONSIGNACIÓN;PAGOS02012026.csv
2012026;1200526473;280000;2/01/2026;CONSIGNACIÓN;PAGOS02012026.csv
2012026;1210619539;2263800;2/01/2026;CONSIGNACIÓN;PAGOS02012026.csv
2012026;1224536644;881773;2/01/2026;CONSIGNACIÓN;PAGOS02012026.csv
2012026;1224439061;954000;2/01/2026;CONSIGNACIÓN;PAGOS02012026.csv
2012026;1224632933;1393305;2/01/2026;CONSIGNACIÓN;PAGOS02012026.csv
2012026;1210584618;1453700;2/01/2026;CONSIGNACIÓN;PAGOS02012026.csv
2012026;1224420888;594000;2/01/2026;CONSIGNACIÓN;PAGOS02012026.csv
2012026;1201023416;2780000;2/01/2026;CONSIGNACIÓN;PAGOS02012026.csv
2012026;1224038731;927686;2/01/2026;CONSIGNACIÓN;PAGOS02012026.csv
2012026;1224038731;744036;2/01/2026;CONSIGNACIÓN;PAGOS02012026.csv
2012026;1224531967;501827;2/01/2026;CONSIGNACIÓN;PAGOS02012026.csv
2012026;1201687085;371400;2/01/2026;CONSIGNACIÓN;PAGOS02012026.csv
2012026;1201687085;225000;2/01/2026;CONSIGNACIÓN;PAGOS02012026.csv
2012026;1201349089;41300;2/01/2026;CONSIGNACIÓN;PAGOS02012026.csv
2012026;1200518507;230200;2/01/2026;CONSIGNACIÓN;PAGOS02012026.csv
2012026;1201063064;321200;2/01/2026;CONSIGNACIÓN;PAGOS02012026.csv
2012026;1224331573;409900;2/01/2026;CONSIGNACIÓN;PAGOS02012026.csv
2012026;1201349089;37488;2/01/2026;CONSIGNACIÓN;PAGOS02012026.csv
2012026;1210258423;24286;2/01/2026;CONSIGNACIÓN;PAGOS02012026.csv
2012026;1201349089;55000;2/01/2026;CONSIGNACIÓN;PAGOS02012026.csv
2012026;1224042007;526538;2/01/2026;CONSIGNACIÓN;PAGOS02012026.csv
2012026;1224042007;197500;2/01/2026;CONSIGNACIÓN;PAGOS02012026.csv
2012026;1224042007;91368;2/01/2026;CONSIGNACIÓN;PAGOS02012026.csv
2012026;1210344073;252400;2/01/2026;CONSIGNACIÓN;PAGOS02012026.csv
3012026;1224484707;96700;3/01/2026;WALLET;PAGOS03012026.csv
3012026;1224242841;365754;3/01/2026;WALLET;PAGOS03012026.csv
3012026;1224628712;636700;3/01/2026;WALLET;PAGOS03012026.csv
3012026;1210620340;4455918;3/01/2026;WALLET;PAGOS03012026.csv
3012026;1224311079;82600;3/01/2026;WALLET;PAGOS03012026.csv
3012026;1224218391;294550;3/01/2026;WALLET;PAGOS03012026.csv
3012026;1224595619;203541;3/01/2026;WALLET;PAGOS03012026.csv
3012026;1210194319;520969;3/01/2026;WALLET;PAGOS03012026.csv
3012026;1224671273;395100;3/01/2026;WALLET;PAGOS03012026.csv
3012026;1201682490;113867;3/01/2026;WALLET;PAGOS03012026.csv
3012026;1224329121;195742;3/01/2026;WALLET;PAGOS03012026.csv
3012026;1202609947;1506078;3/01/2026;WALLET;PAGOS03012026.csv
3012026;1224206306;782500;3/01/2026;WALLET;PAGOS03012026.csv
3012026;1224315281;74600;3/01/2026;WALLET;PAGOS03012026.csv
3012026;1210198723;348764;3/01/2026;WALLET;PAGOS03012026.csv
3012026;1210730546;482100;3/01/2026;WALLET;PAGOS03012026.csv
3012026;1224358592;492500;3/01/2026;WALLET;PAGOS03012026.csv
3012026;1224484707;180000;3/01/2026;WALLET;PAGOS03012026.csv
3012026;1202600388;82368;3/01/2026;WALLET;PAGOS03012026.csv
3012026;1210276145;206729;3/01/2026;WALLET;PAGOS03012026.csv
3012026;1224548826;314600;3/01/2026;WALLET;PAGOS03012026.csv
3012026;1224110147;127300;3/01/2026;WALLET;PAGOS03012026.csv
3012026;1210367797;964000;3/01/2026;WALLET;PAGOS03012026.csv
3012026;1224769845;278300;3/01/2026;WALLET;PAGOS03012026.csv
3012026;1210277437;252600;3/01/2026;WALLET;PAGOS03012026.csv
3012026;1224247370;837145;3/01/2026;WALLET;PAGOS03012026.csv
3012026;1201531594;453700;3/01/2026;WALLET;PAGOS03012026.csv
3012026;1224103558;1475799;3/01/2026;WALLET;PAGOS03012026.csv
3012026;1210724779;2650041;3/01/2026;WALLET;PAGOS03012026.csv
3012026;1210237427;63350;3/01/2026;WALLET;PAGOS03012026.csv
3012026;1201375185;831500;3/01/2026;WALLET;PAGOS03012026.csv
3012026;1224648261;740145;3/01/2026;WALLET;PAGOS03012026.csv
3012026;1210614364;211600;3/01/2026;WALLET;PAGOS03012026.csv
3012026;1224385372;371300;3/01/2026;WALLET;PAGOS03012026.csv
3012026;1210515812;232550;3/01/2026;WALLET;PAGOS03012026.csv
3012026;1224635054;792800;3/01/2026;WALLET;PAGOS03012026.csv
3012026;1202483750;1104800;3/01/2026;WALLET;PAGOS03012026.csv
3012026;1224713037;175350;3/01/2026;WALLET;PAGOS03012026.csv
3012026;1224209075;1049100;3/01/2026;WALLET;PAGOS03012026.csv
3012026;1224295465;535045;3/01/2026;WALLET;PAGOS03012026.csv
3012026;1224752415;992197;3/01/2026;WALLET;PAGOS03012026.csv
3012026;1224596641;300980;3/01/2026;WALLET;PAGOS03012026.csv
3012026;1224698181;785979;3/01/2026;WALLET;PAGOS03012026.csv
3012026;1224610449;1887557;3/01/2026;WALLET;PAGOS03012026.csv
3012026;1224765762;425550;3/01/2026;WALLET;PAGOS03012026.csv
3012026;1210507105;2165700;3/01/2026;WALLET;PAGOS03012026.csv
3012026;1200748676;940774;3/01/2026;WALLET;PAGOS03012026.csv
3012026;1210005926;1013184;3/01/2026;WALLET;PAGOS03012026.csv
3012026;1224450079;111100;3/01/2026;WALLET;PAGOS03012026.csv
3012026;1224377214;2110560;3/01/2026;WALLET;PAGOS03012026.csv
3012026;1210481206;7134409;3/01/2026;WALLET;PAGOS03012026.csv
3012026;1224162006;387000;3/01/2026;CONSIGNACIÓN;PAGOS03012026.csv
3012026;1200526473;483912;3/01/2026;CONSIGNACIÓN;PAGOS03012026.csv
3012026;1224067748;522000;3/01/2026;CONSIGNACIÓN;PAGOS03012026.csv
3012026;1202136365;1429911;3/01/2026;CONSIGNACIÓN;PAGOS03012026.csv
3012026;1200517017;1302480;3/01/2026;CONSIGNACIÓN;PAGOS03012026.csv
3012026;1210625375;1288002;3/01/2026;CONSIGNACIÓN;PAGOS03012026.csv
3012026;1210539627;1284496;3/01/2026;CONSIGNACIÓN;PAGOS03012026.csv
3012026;1224400739;1265158;3/01/2026;CONSIGNACIÓN;PAGOS03012026.csv
3012026;1224327521;1140200;3/01/2026;CONSIGNACIÓN;PAGOS03012026.csv
3012026;1210040098;722272;3/01/2026;CONSIGNACIÓN;PAGOS03012026.csv
3012026;1200570192;588767;3/01/2026;CONSIGNACIÓN;PAGOS03012026.csv
3012026;1210488891;525000;3/01/2026;CONSIGNACIÓN;PAGOS03012026.csv
3012026;1201905275;523050;3/01/2026;CONSIGNACIÓN;PAGOS03012026.csv
3012026;1224133121;418544;3/01/2026;CONSIGNACIÓN;PAGOS03012026.csv
3012026;1224346034;414800;3/01/2026;CONSIGNACIÓN;PAGOS03012026.csv
3012026;1201683572;389150;3/01/2026;CONSIGNACIÓN;PAGOS03012026.csv
3012026;1224376839;364200;3/01/2026;CONSIGNACIÓN;PAGOS03012026.csv
3012026;1210642644;361000;3/01/2026;CONSIGNACIÓN;PAGOS03012026.csv
3012026;1224022390;330000;3/01/2026;CONSIGNACIÓN;PAGOS03012026.csv
3012026;1224048041;293800;3/01/2026;CONSIGNACIÓN;PAGOS03012026.csv
3012026;1201802197;291100;3/01/2026;CONSIGNACIÓN;PAGOS03012026.csv
3012026;1201061524;271200;3/01/2026;CONSIGNACIÓN;PAGOS03012026.csv
3012026;1224604755;227200;3/01/2026;CONSIGNACIÓN;PAGOS03012026.csv
3012026;1224174668;199100;3/01/2026;CONSIGNACIÓN;PAGOS03012026.csv
3012026;1224477860;193900;3/01/2026;CONSIGNACIÓN;PAGOS03012026.csv
3012026;1210611919;170000;3/01/2026;CONSIGNACIÓN;PAGOS03012026.csv
3012026;1224122463;169470;3/01/2026;CONSIGNACIÓN;PAGOS03012026.csv
3012026;1224174668;141200;3/01/2026;CONSIGNACIÓN;PAGOS03012026.csv
3012026;1224104297;119000;3/01/2026;CONSIGNACIÓN;PAGOS03012026.csv
3012026;1210307562;100000;3/01/2026;CONSIGNACIÓN;PAGOS03012026.csv
3012026;1224499025;52576;3/01/2026;CONSIGNACIÓN;PAGOS03012026.csv
3012026;1224122463;50000;3/01/2026;CONSIGNACIÓN;PAGOS03012026.csv
3012026;1224174668;181200;3/01/2026;CONSIGNACIÓN;PAGOS03012026.csv
3012026;1224174668;102400;3/01/2026;CONSIGNACIÓN;PAGOS03012026.csv
3012026;1224174668;181200;3/01/2026;CONSIGNACIÓN;PAGOS03012026.csv
3012026;1200804583;1220000;3/01/2026;CONSIGNACIÓN;PAGOS03012026.csv
3012026;1200804583;2000000;3/01/2026;CONSIGNACIÓN;PAGOS03012026.csv
3012026;1210433476;130732;3/01/2026;CONSIGNACIÓN;PAGOS03012026.csv
3012026;1210433476;488879;3/01/2026;CONSIGNACIÓN;PAGOS03012026.csv
3012026;1224595030;1117200;3/01/2026;CONSIGNACIÓN;PAGOS03012026.csv
3012026;1210434992;2615305;3/01/2026;CONSIGNACIÓN;PAGOS03012026.csv
3012026;1224574936;297372;3/01/2026;CONSIGNACIÓN;PAGOS03012026.csv
3012026;1200543500;725100;3/01/2026;CONSIGNACIÓN;PAGOS03012026.csv
3012026;1210691542;462000;3/01/2026;CONSIGNACIÓN;PAGOS03012026.csv
3012026;1210691542;135200;3/01/2026;CONSIGNACIÓN;PAGOS03012026.csv
3012026;1210168190;283200;3/01/2026;CONSIGNACIÓN;PAGOS03012026.csv
3012026;1201539881;190000;3/01/2026;CONSIGNACIÓN;PAGOS03012026.csv
3012026;1224301960;312039;3/01/2026;CONSIGNACIÓN;PAGOS03012026.csv
3012026;1210196936;373700;3/01/2026;CONSIGNACIÓN;PAGOS03012026.csv
3012026;1224214196;193000;3/01/2026;CONSIGNACIÓN;PAGOS03012026.csv
3012026;1205265658;375000;3/01/2026;CONSIGNACIÓN;PAGOS03012026.csv
3012026;1210579074;571000;3/01/2026;CONSIGNACIÓN;PAGOS03012026.csv
3012026;1210707249;140000;3/01/2026;CONSIGNACIÓN;PAGOS03012026.csv
3012026;1200529010;18400;3/01/2026;CONSIGNACIÓN;PAGOS03012026.csv
3012026;1200529010;64493;3/01/2026;CONSIGNACIÓN;PAGOS03012026.csv
3012026;1224211845;1696300;3/01/2026;CONSIGNACIÓN;PAGOS03012026.csv
3012026;1210524516;263050;3/01/2026;CONSIGNACIÓN;PAGOS03012026.csv
3012026;1210602458;234200;3/01/2026;CONSIGNACIÓN;PAGOS03012026.csv
3012026;1205001089;236400;3/01/2026;CONSIGNACIÓN;PAGOS03012026.csv
3012026;1210072821;2420600;3/01/2026;CONSIGNACIÓN;PAGOS03012026.csv
3012026;1210744083;393400;3/01/2026;CONSIGNACIÓN;PAGOS03012026.csv
3012026;1224028213;262500;3/01/2026;CONSIGNACIÓN;PAGOS03012026.csv
3012026;1224104844;164600;3/01/2026;CONSIGNACIÓN;PAGOS03012026.csv
3012026;1224219932;430200;3/01/2026;CONSIGNACIÓN;PAGOS03012026.csv
3012026;1224106565;2533005;3/01/2026;CONSIGNACIÓN;PAGOS03012026.csv
3012026;1210274579;117600;3/01/2026;CONSIGNACIÓN;PAGOS03012026.csv
3012026;1210557150;493500;3/01/2026;CONSIGNACIÓN;PAGOS03012026.csv
3012026;1210613340;709888;3/01/2026;CONSIGNACIÓN;PAGOS03012026.csv
3012026;1210613340;55000;3/01/2026;CONSIGNACIÓN;PAGOS03012026.csv
3012026;1210613340;1419776;3/01/2026;CONSIGNACIÓN;PAGOS03012026.csv
3012026;1224157463;66000;3/01/2026;CONSIGNACIÓN;PAGOS03012026.csv
3012026;1224398176;123200;3/01/2026;CONSIGNACIÓN;PAGOS03012026.csv
3012026;1210135249;50000;3/01/2026;CONSIGNACIÓN;PAGOS03012026.csv
3012026;1202610726;125400;3/01/2026;CONSIGNACIÓN;PAGOS03012026.csv
3012026;1224382916;188600;3/01/2026;CONSIGNACIÓN;PAGOS03012026.csv
3012026;1200512752;500400;3/01/2026;CONSIGNACIÓN;PAGOS03012026.csv
3012026;1200619645;741119;3/01/2026;CONSIGNACIÓN;PAGOS03012026.csv
3012026;1224528692;1457600;3/01/2026;CONSIGNACIÓN;PAGOS03012026.csv
3012026;1200529010;186272;3/01/2026;CONSIGNACIÓN;PAGOS03012026.csv
3012026;1224242031;550600;3/01/2026;CONSIGNACIÓN;PAGOS03012026.csv
3012026;1202263735;897007;3/01/2026;CONSIGNACIÓN;PAGOS03012026.csv
3012026;1201346424;496200;3/01/2026;CONSIGNACIÓN;PAGOS03012026.csv
3012026;1224074123;1174455;3/01/2026;CONSIGNACIÓN;PAGOS03012026.csv
3012026;1224074122;1016692;3/01/2026;CONSIGNACIÓN;PAGOS03012026.csv
3012026;1201804252;253400;3/01/2026;CONSIGNACIÓN;PAGOS03012026.csv
3012026;1201804252;199200;3/01/2026;CONSIGNACIÓN;PAGOS03012026.csv
3012026;1210469068;1559200;3/01/2026;CONSIGNACIÓN;PAGOS03012026.csv
3012026;1210532132;2420500;3/01/2026;CONSIGNACIÓN;PAGOS03012026.csv
3012026;1210447490;281000;3/01/2026;CONSIGNACIÓN;PAGOS03012026.csv
3012026;1224472956;1299000;3/01/2026;CONSIGNACIÓN;PAGOS03012026.csv
3012026;1224448567;2491012;3/01/2026;CONSIGNACIÓN;PAGOS03012026.csv
3012026;1224448567;2000000;3/01/2026;CONSIGNACIÓN;PAGOS03012026.csv
3012026;1224045661;195600;3/01/2026;CONSIGNACIÓN;PAGOS03012026.csv
3012026;1210156805;464100;3/01/2026;CONSIGNACIÓN;PAGOS03012026.csv
3012026;1224632933;420900;3/01/2026;CONSIGNACIÓN;PAGOS03012026.csv
3012026;1224468159;62972;3/01/2026;CONSIGNACIÓN;PAGOS03012026.csv
3012026;1201682049;307700;3/01/2026;CONSIGNACIÓN;PAGOS03012026.csv
3012026;1224439061;1171400;3/01/2026;CONSIGNACIÓN;PAGOS03012026.csv
3012026;1224022528;2000000;3/01/2026;CONSIGNACIÓN;PAGOS03012026.csv
3012026;1224022528;993400;3/01/2026;CONSIGNACIÓN;PAGOS03012026.csv
3012026;1224311801;493700;3/01/2026;CONSIGNACIÓN;PAGOS03012026.csv
3012026;1201379867;352328;3/01/2026;CONSIGNACIÓN;PAGOS03012026.csv
3012026;1224069349;669800;3/01/2026;CONSIGNACIÓN;PAGOS03012026.csv
3012026;1201272753;316298;3/01/2026;CONSIGNACIÓN;PAGOS03012026.csv
3012026;1224029012;1429162;3/01/2026;CONSIGNACIÓN;PAGOS03012026.csv
3012026;1224573671;635358;3/01/2026;CONSIGNACIÓN;PAGOS03012026.csv
3012026;1210425938;855765;3/01/2026;CONSIGNACIÓN;PAGOS03012026.csv
3012026;1210087416;489000;3/01/2026;CONSIGNACIÓN;PAGOS03012026.csv
5012026;1200501597;316251;5/01/2026;WALLET;PAGOS05012026.csv
5012026;1200358832;172700;5/01/2026;WALLET;PAGOS05012026.csv
5012026;1210660729;298200;5/01/2026;WALLET;PAGOS05012026.csv
5012026;1210161080;110800;5/01/2026;WALLET;PAGOS05012026.csv
5012026;1224606904;3480000;5/01/2026;WALLET;PAGOS05012026.csv
5012026;1224683789;2992000;5/01/2026;WALLET;PAGOS05012026.csv
5012026;1201375989;208100;5/01/2026;WALLET;PAGOS05012026.csv
5012026;1200034367;219638;5/01/2026;WALLET;PAGOS05012026.csv
5012026;1224074134;378157;5/01/2026;WALLET;PAGOS05012026.csv
5012026;1224450929;1117316;5/01/2026;WALLET;PAGOS05012026.csv
5012026;1224617949;1630300;5/01/2026;WALLET;PAGOS05012026.csv
5012026;1210529303;862779;5/01/2026;WALLET;PAGOS05012026.csv
5012026;1224566811;990200;5/01/2026;WALLET;PAGOS05012026.csv
5012026;1224491001;2285000;5/01/2026;WALLET;PAGOS05012026.csv
5012026;1200779345;106250;5/01/2026;WALLET;PAGOS05012026.csv
5012026;1224017237;365268;5/01/2026;WALLET;PAGOS05012026.csv
5012026;1224445945;1231500;5/01/2026;WALLET;PAGOS05012026.csv
5012026;1210275162;39600;5/01/2026;WALLET;PAGOS05012026.csv
5012026;1224522508;444269;5/01/2026;WALLET;PAGOS05012026.csv
5012026;1224635054;441388;5/01/2026;WALLET;PAGOS05012026.csv
5012026;1210275162;745400;5/01/2026;WALLET;PAGOS05012026.csv
5012026;1210644570;206800;5/01/2026;WALLET;PAGOS05012026.csv
5012026;1224211625;2868721;5/01/2026;WALLET;PAGOS05012026.csv
5012026;1224484707;199600;5/01/2026;WALLET;PAGOS05012026.csv
5012026;1210655410;6356728;5/01/2026;WALLET;PAGOS05012026.csv
5012026;1224524490;278900;5/01/2026;WALLET;PAGOS05012026.csv
5012026;1210589416;269600;5/01/2026;WALLET;PAGOS05012026.csv
5012026;1210356013;2868503;5/01/2026;WALLET;PAGOS05012026.csv
5012026;1224577847;67200;5/01/2026;WALLET;PAGOS05012026.csv
5012026;1224532918;709900;5/01/2026;WALLET;PAGOS05012026.csv
5012026;1210039028;2004200;5/01/2026;WALLET;PAGOS05012026.csv
5012026;1224426346;2919800;5/01/2026;WALLET;PAGOS05012026.csv
5012026;1224038973;558950;5/01/2026;WALLET;PAGOS05012026.csv
5012026;1210234166;253450;5/01/2026;WALLET;PAGOS05012026.csv
5012026;1224508213;91200;5/01/2026;WALLET;PAGOS05012026.csv
5012026;1224065524;591219;5/01/2026;WALLET;PAGOS05012026.csv
5012026;1224524604;410100;5/01/2026;WALLET;PAGOS05012026.csv
5012026;1210074378;307200;5/01/2026;WALLET;PAGOS05012026.csv
5012026;1201382262;50232;5/01/2026;WALLET;PAGOS05012026.csv
5012026;1224580085;330800;5/01/2026;WALLET;PAGOS05012026.csv
5012026;1224678524;73200;5/01/2026;WALLET;PAGOS05012026.csv
5012026;1224097080;53200;5/01/2026;WALLET;PAGOS05012026.csv
5012026;1224548290;1015058;5/01/2026;WALLET;PAGOS05012026.csv
5012026;1224566921;1136025;5/01/2026;WALLET;PAGOS05012026.csv
5012026;1224759789;582200;5/01/2026;WALLET;PAGOS05012026.csv
5012026;1224127245;375514;5/01/2026;WALLET;PAGOS05012026.csv
5012026;1200745393;261950;5/01/2026;WALLET;PAGOS05012026.csv
5012026;1224000728;1472800;5/01/2026;WALLET;PAGOS05012026.csv
5012026;1210451707;517151;5/01/2026;WALLET;PAGOS05012026.csv
5012026;1224740072;997100;5/01/2026;WALLET;PAGOS05012026.csv
5012026;1210344073;216669;5/01/2026;WALLET;PAGOS05012026.csv
5012026;1224607763;190800;5/01/2026;WALLET;PAGOS05012026.csv
5012026;1224713037;314550;5/01/2026;WALLET;PAGOS05012026.csv
5012026;1224429482;994410;5/01/2026;WALLET;PAGOS05012026.csv
5012026;1224648261;1061116;5/01/2026;WALLET;PAGOS05012026.csv
5012026;1224736541;4254000;5/01/2026;WALLET;PAGOS05012026.csv
5012026;1224023928;145378;5/01/2026;WALLET;PAGOS05012026.csv
5012026;1210253473;566200;5/01/2026;WALLET;PAGOS05012026.csv
5012026;1210328847;242300;5/01/2026;WALLET;PAGOS05012026.csv
5012026;1224298729;144200;5/01/2026;WALLET;PAGOS05012026.csv
5012026;1200183094;2427600;5/01/2026;WALLET;PAGOS05012026.csv
5012026;1224649085;932165;5/01/2026;WALLET;PAGOS05012026.csv
5012026;1200031783;125000;5/01/2026;WALLET;PAGOS05012026.csv
5012026;1201399462;1420246;5/01/2026;WALLET;PAGOS05012026.csv
5012026;1224075363;1213100;5/01/2026;WALLET;PAGOS05012026.csv
5012026;1224466436;156950;5/01/2026;WALLET;PAGOS05012026.csv
5012026;1224484707;857350;5/01/2026;WALLET;PAGOS05012026.csv
5012026;1224281489;1747820;5/01/2026;WALLET;PAGOS05012026.csv
5012026;1224590905;947800;5/01/2026;WALLET;PAGOS05012026.csv
5012026;1224695273;388800;5/01/2026;TRANSFERENCIA;PAGOS05012026.csv
5012026;1224048956;333000;5/01/2026;TRANSFERENCIA;PAGOS05012026.csv
5012026;1200111063;328150;5/01/2026;TRANSFERENCIA;PAGOS05012026.csv
5012026;1224646062;581800;5/01/2026;TRANSFERENCIA;PAGOS05012026.csv
5012026;1201535532;495300;5/01/2026;CONSIGNACIÓN;PAGOS05012026.csv
5012026;1200518507;800156;5/01/2026;CONSIGNACIÓN;PAGOS05012026.csv
5012026;1224583213;340966;5/01/2026;CONSIGNACIÓN;PAGOS05012026.csv
5012026;1224390759;1113000;5/01/2026;CONSIGNACIÓN;PAGOS05012026.csv
5012026;1200367612;720450;5/01/2026;CONSIGNACIÓN;PAGOS05012026.csv
5012026;1224248533;768400;5/01/2026;CONSIGNACIÓN;PAGOS05012026.csv
5012026;1224731075;450000;5/01/2026;CONSIGNACIÓN;PAGOS05012026.csv
5012026;1210596154;60000;5/01/2026;CONSIGNACIÓN;PAGOS05012026.csv
5012026;1224290538;628302;5/01/2026;CONSIGNACIÓN;PAGOS05012026.csv
5012026;1200160612;1163848;5/01/2026;CONSIGNACIÓN;PAGOS05012026.csv
5012026;1210408646;78000;5/01/2026;CONSIGNACIÓN;PAGOS05012026.csv
5012026;1210088571;374100;5/01/2026;CONSIGNACIÓN;PAGOS05012026.csv
5012026;1224622471;2403400;5/01/2026;CONSIGNACIÓN;PAGOS05012026.csv
5012026;1202600614;93300;5/01/2026;CONSIGNACIÓN;PAGOS05012026.csv
5012026;1210590096;281300;5/01/2026;CONSIGNACIÓN;PAGOS05012026.csv
5012026;1210590096;268250;5/01/2026;CONSIGNACIÓN;PAGOS05012026.csv
5012026;1210196936;381900;5/01/2026;CONSIGNACIÓN;PAGOS05012026.csv
5012026;1224721225;55400;5/01/2026;CONSIGNACIÓN;PAGOS05012026.csv
5012026;1224721225;544000;5/01/2026;CONSIGNACIÓN;PAGOS05012026.csv
5012026;1210721493;65800;5/01/2026;CONSIGNACIÓN;PAGOS05012026.csv
5012026;1224380437;1704844;5/01/2026;CONSIGNACIÓN;PAGOS05012026.csv
5012026;1224380437;1697250;5/01/2026;CONSIGNACIÓN;PAGOS05012026.csv
5012026;1224205031;231968;5/01/2026;CONSIGNACIÓN;PAGOS05012026.csv
5012026;1201873058;562200;5/01/2026;CONSIGNACIÓN;PAGOS05012026.csv
5012026;1202600614;511350;5/01/2026;CONSIGNACIÓN;PAGOS05012026.csv
5012026;1224069308;285500;5/01/2026;CONSIGNACIÓN;PAGOS05012026.csv
5012026;1200723872;203500;5/01/2026;CONSIGNACIÓN;PAGOS05012026.csv
5012026;1224314571;287100;5/01/2026;CONSIGNACIÓN;PAGOS05012026.csv
5012026;1224178047;460342;5/01/2026;CONSIGNACIÓN;PAGOS05012026.csv
5012026;1210571044;717100;5/01/2026;CONSIGNACIÓN;PAGOS05012026.csv
5012026;1224670616;151800;5/01/2026;CONSIGNACIÓN;PAGOS05012026.csv
5012026;1210568399;126700;5/01/2026;CONSIGNACIÓN;PAGOS05012026.csv
5012026;1210568399;150800;5/01/2026;CONSIGNACIÓN;PAGOS05012026.csv
5012026;1210386154;30000;5/01/2026;CONSIGNACIÓN;PAGOS05012026.csv
5012026;1210386154;100141;5/01/2026;CONSIGNACIÓN;PAGOS05012026.csv
5012026;1201916695;75250;5/01/2026;CONSIGNACIÓN;PAGOS05012026.csv
5012026;1210474991;279800;5/01/2026;CONSIGNACIÓN;PAGOS05012026.csv
5012026;1224256645;1503800;5/01/2026;CONSIGNACIÓN;PAGOS05012026.csv
5012026;1201016667;618550;5/01/2026;CONSIGNACIÓN;PAGOS05012026.csv
5012026;1201272753;1071792;5/01/2026;CONSIGNACIÓN;PAGOS05012026.csv
5012026;1210561390;237600;5/01/2026;CONSIGNACIÓN;PAGOS05012026.csv
5012026;1205001695;58000;5/01/2026;CONSIGNACIÓN;PAGOS05012026.csv
5012026;1224492968;523950;5/01/2026;CONSIGNACIÓN;PAGOS05012026.csv
5012026;1200617760;513600;5/01/2026;CONSIGNACIÓN;PAGOS05012026.csv
5012026;1224473808;142700;5/01/2026;CONSIGNACIÓN;PAGOS05012026.csv
5012026;1224179252;460099;5/01/2026;CONSIGNACIÓN;PAGOS05012026.csv
5012026;1200497221;135000;5/01/2026;CONSIGNACIÓN;PAGOS05012026.csv
5012026;1202610622;250000;5/01/2026;CONSIGNACIÓN;PAGOS05012026.csv
5012026;1210129095;356733;5/01/2026;CONSIGNACIÓN;PAGOS05012026.csv
5012026;1210369504;100000;5/01/2026;CONSIGNACIÓN;PAGOS05012026.csv
5012026;1224030239;231700;5/01/2026;CONSIGNACIÓN;PAGOS05012026.csv
5012026;1224142148;209820;5/01/2026;CONSIGNACIÓN;PAGOS05012026.csv
5012026;1224791297;682400;5/01/2026;CONSIGNACIÓN;PAGOS05012026.csv
5012026;1224142148;295932;5/01/2026;CONSIGNACIÓN;PAGOS05012026.csv
5012026;1224142148;1402555;5/01/2026;CONSIGNACIÓN;PAGOS05012026.csv
5012026;1224142148;1046455;5/01/2026;CONSIGNACIÓN;PAGOS05012026.csv
5012026;1210407932;257299;5/01/2026;CONSIGNACIÓN;PAGOS05012026.csv
5012026;1224065705;397499;5/01/2026;CONSIGNACIÓN;PAGOS05012026.csv
5012026;1224065705;252159;5/01/2026;CONSIGNACIÓN;PAGOS05012026.csv
5012026;1224065696;393490;5/01/2026;CONSIGNACIÓN;PAGOS05012026.csv
5012026;1224065696;357721;5/01/2026;CONSIGNACIÓN;PAGOS05012026.csv
5012026;1210106469;2492000;5/01/2026;CONSIGNACIÓN;PAGOS05012026.csv
5012026;1210106469;2000000;5/01/2026;CONSIGNACIÓN;PAGOS05012026.csv
5012026;1210128341;945780;5/01/2026;CONSIGNACIÓN;PAGOS05012026.csv
5012026;1210639119;83260;5/01/2026;CONSIGNACIÓN;PAGOS05012026.csv
5012026;1210639119;301150;5/01/2026;CONSIGNACIÓN;PAGOS05012026.csv
5012026;1224338802;350305;5/01/2026;CONSIGNACIÓN;PAGOS05012026.csv
5012026;1224755464;800350;5/01/2026;CONSIGNACIÓN;PAGOS05012026.csv
5012026;1200505498;769200;5/01/2026;CONSIGNACIÓN;PAGOS05012026.csv
5012026;1224099844;155500;5/01/2026;CONSIGNACIÓN;PAGOS05012026.csv
5012026;1224175216;188900;5/01/2026;CONSIGNACIÓN;PAGOS05012026.csv
5012026;1201906470;121000;5/01/2026;CONSIGNACIÓN;PAGOS05012026.csv
5012026;1210339732;10167590;5/01/2026;CONSIGNACIÓN;PAGOS05012026.csv
5012026;1210614286;1138500;5/01/2026;CONSIGNACIÓN;PAGOS05012026.csv
5012026;1210408646;157500;5/01/2026;CONSIGNACIÓN;PAGOS05012026.csv
5012026;1201261562;1169000;5/01/2026;CONSIGNACIÓN;PAGOS05012026.csv
5012026;1201261562;133200;5/01/2026;CONSIGNACIÓN;PAGOS05012026.csv
5012026;1200500940;383824;5/01/2026;CONSIGNACIÓN;PAGOS05012026.csv
5012026;1210425938;919308;5/01/2026;CONSIGNACIÓN;PAGOS05012026.csv
5012026;1224735156;1581400;5/01/2026;CONSIGNACIÓN;PAGOS05012026.csv
5012026;1224376839;315000;5/01/2026;CONSIGNACIÓN;PAGOS05012026.csv
5012026;1224060193;156400;5/01/2026;CONSIGNACIÓN;PAGOS05012026.csv
5012026;1224530452;984100;5/01/2026;CONSIGNACIÓN;PAGOS05012026.csv
5012026;1201920886;509300;5/01/2026;CONSIGNACIÓN;PAGOS05012026.csv
5012026;1201918905;150000;5/01/2026;CONSIGNACIÓN;PAGOS05012026.csv
5012026;1205008512;305100;5/01/2026;CONSIGNACIÓN;PAGOS05012026.csv
5012026;1224437568;2869047;5/01/2026;CONSIGNACIÓN;PAGOS05012026.csv
5012026;1224346834;268800;5/01/2026;CONSIGNACIÓN;PAGOS05012026.csv
5012026;1224337405;943000;5/01/2026;CONSIGNACIÓN;PAGOS05012026.csv
5012026;1210317064;503900;5/01/2026;CONSIGNACIÓN;PAGOS05012026.csv
5012026;1210179542;2989523;5/01/2026;CONSIGNACIÓN;PAGOS05012026.csv
5012026;1210410789;168481;5/01/2026;CONSIGNACIÓN;PAGOS05012026.csv
5012026;1200548593;689500;5/01/2026;CONSIGNACIÓN;PAGOS05012026.csv
5012026;1224501819;657572;5/01/2026;CONSIGNACIÓN;PAGOS05012026.csv
5012026;1210642644;356200;5/01/2026;CONSIGNACIÓN;PAGOS05012026.csv
5012026;1210506887;813359;5/01/2026;CONSIGNACIÓN;PAGOS05012026.csv
5012026;1210506887;1000000;5/01/2026;CONSIGNACIÓN;PAGOS05012026.csv
5012026;1224322705;175000;5/01/2026;CONSIGNACIÓN;PAGOS05012026.csv
5012026;1200666098;985186;5/01/2026;CONSIGNACIÓN;PAGOS05012026.csv
5012026;1210138838;215500;5/01/2026;CONSIGNACIÓN;PAGOS05012026.csv
5012026;1210142403;70000;5/01/2026;CONSIGNACIÓN;PAGOS05012026.csv
5012026;1224327212;477400;5/01/2026;CONSIGNACIÓN;PAGOS05012026.csv
5012026;1224327212;293900;5/01/2026;CONSIGNACIÓN;PAGOS05012026.csv
5012026;1210323096;130000;5/01/2026;CONSIGNACIÓN;PAGOS05012026.csv
5012026;1200492136;1431401;5/01/2026;CONSIGNACIÓN;PAGOS05012026.csv
5012026;1224081375;287500;5/01/2026;CONSIGNACIÓN;PAGOS05012026.csv
5012026;1210180334;635161;5/01/2026;CONSIGNACIÓN;PAGOS05012026.csv
5012026;1210109603;160600;5/01/2026;CONSIGNACIÓN;PAGOS05012026.csv
5012026;1224079655;812500;5/01/2026;CONSIGNACIÓN;PAGOS05012026.csv
5012026;1201061524;378000;5/01/2026;CONSIGNACIÓN;PAGOS05012026.csv
5012026;1200986505;271325;5/01/2026;CONSIGNACIÓN;PAGOS05012026.csv
5012026;1210416076;734500;5/01/2026;CONSIGNACIÓN;PAGOS05012026.csv
6012026;1224236086;2978637;6/01/2026;WALLET;PAGOS06012026.csv
6012026;1210692160;51700;6/01/2026;WALLET;PAGOS06012026.csv
6012026;1224234511;448356;6/01/2026;WALLET;PAGOS06012026.csv
6012026;1210329747;1316800;6/01/2026;WALLET;PAGOS06012026.csv
6012026;1210458938;250650;6/01/2026;WALLET;PAGOS06012026.csv
6012026;1210481206;3322000;6/01/2026;WALLET;PAGOS06012026.csv
6012026;1224103558;1643698;6/01/2026;WALLET;PAGOS06012026.csv
6012026;1224644762;155000;6/01/2026;WALLET;PAGOS06012026.csv
6012026;1224810880;1166978;6/01/2026;WALLET;PAGOS06012026.csv
6012026;1224644762;2007200;6/01/2026;WALLET;PAGOS06012026.csv
6012026;1210536905;734100;6/01/2026;WALLET;PAGOS06012026.csv
6012026;1224810694;2356379;6/01/2026;WALLET;PAGOS06012026.csv
6012026;1224644762;290800;6/01/2026;WALLET;PAGOS06012026.csv
6012026;1224644885;231300;6/01/2026;WALLET;PAGOS06012026.csv
6012026;1224411512;600226;6/01/2026;WALLET;PAGOS06012026.csv
6012026;1224436547;252500;6/01/2026;WALLET;PAGOS06012026.csv
6012026;1224482276;715000;6/01/2026;WALLET;PAGOS06012026.csv
6012026;1224731980;164200;6/01/2026;WALLET;PAGOS06012026.csv
6012026;1210720119;175200;6/01/2026;WALLET;PAGOS06012026.csv
6012026;1224517821;175000;6/01/2026;WALLET;PAGOS06012026.csv
6012026;1210554156;137100;6/01/2026;WALLET;PAGOS06012026.csv
6012026;1210060941;2163942;6/01/2026;WALLET;PAGOS06012026.csv
6012026;1210635603;156300;6/01/2026;WALLET;PAGOS06012026.csv
6012026;1224491018;1104100;6/01/2026;WALLET;PAGOS06012026.csv
6012026;1210550896;2996200;6/01/2026;WALLET;PAGOS06012026.csv
6012026;1210730546;291200;6/01/2026;WALLET;PAGOS06012026.csv
6012026;1224256044;815894;6/01/2026;WALLET;PAGOS06012026.csv
6012026;1224479789;58300;6/01/2026;WALLET;PAGOS06012026.csv
6012026;1201531594;418400;6/01/2026;WALLET;PAGOS06012026.csv
6012026;1224576789;2590037;6/01/2026;WALLET;PAGOS06012026.csv
6012026;1224605773;1301996;6/01/2026;WALLET;PAGOS06012026.csv
6012026;1224732188;187500;6/01/2026;WALLET;PAGOS06012026.csv
6012026;1224600009;2970400;6/01/2026;WALLET;PAGOS06012026.csv
6012026;1224385679;182600;6/01/2026;WALLET;PAGOS06012026.csv
6012026;1224067690;5412800;6/01/2026;WALLET;PAGOS06012026.csv
6012026;1210276145;385483;6/01/2026;WALLET;PAGOS06012026.csv
6012026;1201683835;472598;6/01/2026;WALLET;PAGOS06012026.csv
6012026;1201399042;313600;6/01/2026;WALLET;PAGOS06012026.csv
6012026;1224558687;764885;6/01/2026;WALLET;PAGOS06012026.csv
6012026;1210439136;1311358;6/01/2026;WALLET;PAGOS06012026.csv
6012026;1210701063;704107;6/01/2026;WALLET;PAGOS06012026.csv
6012026;1210321507;141900;6/01/2026;WALLET;PAGOS06012026.csv
6012026;1224084962;991843;6/01/2026;WALLET;PAGOS06012026.csv
6012026;1224017237;340256;6/01/2026;WALLET;PAGOS06012026.csv
6012026;1224482276;299400;6/01/2026;WALLET;PAGOS06012026.csv
6012026;1210325819;277300;6/01/2026;WALLET;PAGOS06012026.csv
6012026;1201685512;215577;6/01/2026;WALLET;PAGOS06012026.csv
6012026;1200015593;299200;6/01/2026;WALLET;PAGOS06012026.csv
6012026;1210430107;2792000;6/01/2026;WALLET;PAGOS06012026.csv
6012026;1224702879;968500;6/01/2026;WALLET;PAGOS06012026.csv
6012026;1210343880;76800;6/01/2026;WALLET;PAGOS06012026.csv
6012026;1224474848;227000;6/01/2026;WALLET;PAGOS06012026.csv
6012026;1224165482;488300;6/01/2026;WALLET;PAGOS06012026.csv
6012026;1202603624;119700;6/01/2026;WALLET;PAGOS06012026.csv
6012026;1224810942;964900;6/01/2026;WALLET;PAGOS06012026.csv
6012026;1210644432;534791;6/01/2026;WALLET;PAGOS06012026.csv
6012026;1224645378;2873313;6/01/2026;WALLET;PAGOS06012026.csv
6012026;1224231835;1464538;6/01/2026;WALLET;PAGOS06012026.csv
6012026;1224617949;1910456;6/01/2026;WALLET;PAGOS06012026.csv
6012026;1224448789;653664;6/01/2026;WALLET;PAGOS06012026.csv
6012026;1224206306;604000;6/01/2026;WALLET;PAGOS06012026.csv
6012026;1224691688;255867;6/01/2026;WALLET;PAGOS06012026.csv
6012026;1224584522;270957;6/01/2026;WALLET;PAGOS06012026.csv
6012026;1224576081;235150;6/01/2026;WALLET;PAGOS06012026.csv
6012026;1224090985;952850;6/01/2026;WALLET;PAGOS06012026.csv
6012026;1224090985;998450;6/01/2026;WALLET;PAGOS06012026.csv
6012026;1224307570;35000;6/01/2026;WALLET;PAGOS06012026.csv
6012026;1224421918;1993100;6/01/2026;WALLET;PAGOS06012026.csv
6012026;1224522716;1175029;6/01/2026;WALLET;PAGOS06012026.csv
6012026;1224741334;3391085;6/01/2026;WALLET;PAGOS06012026.csv
6012026;1224040040;124000;6/01/2026;WALLET;PAGOS06012026.csv
6012026;1224349400;580600;6/01/2026;TRANSFERENCIA;PAGOS06012026.csv
6012026;1224600637;448800;6/01/2026;TRANSFERENCIA;PAGOS06012026.csv
6012026;1224028937;196450;6/01/2026;TRANSFERENCIA;PAGOS06012026.csv
6012026;1224676150;5281235;6/01/2026;TRANSFERENCIA;PAGOS06012026.csv
6012026;1224159112;4366700;6/01/2026;TRANSFERENCIA;PAGOS06012026.csv
6012026;1224055249;949400;6/01/2026;TRANSFERENCIA;PAGOS06012026.csv
6012026;1210506887;507409;6/01/2026;CONSIGNACIÓN;PAGOS06012026.csv
6012026;1224084755;1585278;6/01/2026;CONSIGNACIÓN;PAGOS06012026.csv
6012026;1224124095;206500;6/01/2026;CONSIGNACIÓN;PAGOS06012026.csv
6012026;1201804252;231800;6/01/2026;CONSIGNACIÓN;PAGOS06012026.csv
6012026;1224567505;276443;6/01/2026;CONSIGNACIÓN;PAGOS06012026.csv
6012026;1200517017;744347;6/01/2026;CONSIGNACIÓN;PAGOS06012026.csv
6012026;1210622335;267000;6/01/2026;CONSIGNACIÓN;PAGOS06012026.csv
6012026;1224296949;1497000;6/01/2026;CONSIGNACIÓN;PAGOS06012026.csv
6012026;1224252381;353100;6/01/2026;CONSIGNACIÓN;PAGOS06012026.csv
6012026;1224449268;1037900;6/01/2026;CONSIGNACIÓN;PAGOS06012026.csv
6012026;1200759251;4477900;6/01/2026;CONSIGNACIÓN;PAGOS06012026.csv
6012026;1210206124;325200;6/01/2026;CONSIGNACIÓN;PAGOS06012026.csv
6012026;1210613340;1399385;6/01/2026;CONSIGNACIÓN;PAGOS06012026.csv
6012026;1224204344;1638001;6/01/2026;CONSIGNACIÓN;PAGOS06012026.csv
6012026;1224204344;1168301;6/01/2026;CONSIGNACIÓN;PAGOS06012026.csv
6012026;1201749592;532900;6/01/2026;CONSIGNACIÓN;PAGOS06012026.csv
6012026;1224721225;915800;6/01/2026;CONSIGNACIÓN;PAGOS06012026.csv
6012026;1224781730;220801;6/01/2026;CONSIGNACIÓN;PAGOS06012026.csv
6012026;1224043174;134100;6/01/2026;CONSIGNACIÓN;PAGOS06012026.csv
6012026;1224431465;1686200;6/01/2026;CONSIGNACIÓN;PAGOS06012026.csv
6012026;1224438809;74450;6/01/2026;CONSIGNACIÓN;PAGOS06012026.csv
6012026;1224205667;216000;6/01/2026;CONSIGNACIÓN;PAGOS06012026.csv
6012026;1210208628;130000;6/01/2026;CONSIGNACIÓN;PAGOS06012026.csv
6012026;1210152173;674121;6/01/2026;CONSIGNACIÓN;PAGOS06012026.csv
6012026;1210616607;138844;6/01/2026;CONSIGNACIÓN;PAGOS06012026.csv
6012026;1200548073;723301;6/01/2026;CONSIGNACIÓN;PAGOS06012026.csv
6012026;1224383260;371400;6/01/2026;CONSIGNACIÓN;PAGOS06012026.csv
6012026;1224486825;2513596;6/01/2026;CONSIGNACIÓN;PAGOS06012026.csv
6012026;1224152323;2513200;6/01/2026;CONSIGNACIÓN;PAGOS06012026.csv
6012026;1210604386;1595800;6/01/2026;CONSIGNACIÓN;PAGOS06012026.csv
6012026;1224073786;1354940;6/01/2026;CONSIGNACIÓN;PAGOS06012026.csv
6012026;1224201243;1333693;6/01/2026;CONSIGNACIÓN;PAGOS06012026.csv
6012026;1202251067;934900;6/01/2026;CONSIGNACIÓN;PAGOS06012026.csv
6012026;1201539881;257200;6/01/2026;CONSIGNACIÓN;PAGOS06012026.csv
6012026;1224441471;343200;6/01/2026;CONSIGNACIÓN;PAGOS06012026.csv
6012026;1224441471;366900;6/01/2026;CONSIGNACIÓN;PAGOS06012026.csv
6012026;1224441471;167300;6/01/2026;CONSIGNACIÓN;PAGOS06012026.csv
6012026;1224028213;170000;6/01/2026;CONSIGNACIÓN;PAGOS06012026.csv
6012026;1224017642;1074000;6/01/2026;CONSIGNACIÓN;PAGOS06012026.csv
6012026;1201840863;150000;6/01/2026;CONSIGNACIÓN;PAGOS06012026.csv
6012026;1210283551;522800;6/01/2026;CONSIGNACIÓN;PAGOS06012026.csv
6012026;1224196436;238111;6/01/2026;CONSIGNACIÓN;PAGOS06012026.csv
6012026;1224196436;288991;6/01/2026;CONSIGNACIÓN;PAGOS06012026.csv
6012026;1201345531;190000;6/01/2026;CONSIGNACIÓN;PAGOS06012026.csv
6012026;1224253400;515000;6/01/2026;CONSIGNACIÓN;PAGOS06012026.csv
6012026;1224358753;772065;6/01/2026;CONSIGNACIÓN;PAGOS06012026.csv
6012026;1210750120;2826103;6/01/2026;CONSIGNACIÓN;PAGOS06012026.csv
6012026;1201682049;303800;6/01/2026;CONSIGNACIÓN;PAGOS06012026.csv
6012026;1224100374;216700;6/01/2026;CONSIGNACIÓN;PAGOS06012026.csv
6012026;1224075393;414600;6/01/2026;CONSIGNACIÓN;PAGOS06012026.csv
6012026;1202602015;548200;6/01/2026;CONSIGNACIÓN;PAGOS06012026.csv
6012026;1210740902;2800461;6/01/2026;CONSIGNACIÓN;PAGOS06012026.csv
6012026;1224373793;1744019;6/01/2026;CONSIGNACIÓN;PAGOS06012026.csv
6012026;1224062096;4606153;6/01/2026;CONSIGNACIÓN;PAGOS06012026.csv
6012026;1200670242;908900;6/01/2026;CONSIGNACIÓN;PAGOS06012026.csv
6012026;1210576943;545744;6/01/2026;CONSIGNACIÓN;PAGOS06012026.csv
6012026;1224376839;408000;6/01/2026;CONSIGNACIÓN;PAGOS06012026.csv
6012026;1224032874;616400;6/01/2026;CONSIGNACIÓN;PAGOS06012026.csv
6012026;1224032874;92400;6/01/2026;CONSIGNACIÓN;PAGOS06012026.csv
6012026;1224156751;808423;6/01/2026;CONSIGNACIÓN;PAGOS06012026.csv
6012026;1210498145;757700;6/01/2026;CONSIGNACIÓN;PAGOS06012026.csv
6012026;1224499750;637800;6/01/2026;CONSIGNACIÓN;PAGOS06012026.csv
6012026;1210232115;552000;6/01/2026;CONSIGNACIÓN;PAGOS06012026.csv
6012026;1200610916;444000;6/01/2026;CONSIGNACIÓN;PAGOS06012026.csv
6012026;1201687085;366000;6/01/2026;CONSIGNACIÓN;PAGOS06012026.csv
6012026;1224185672;364500;6/01/2026;CONSIGNACIÓN;PAGOS06012026.csv
6012026;1210613556;310300;6/01/2026;CONSIGNACIÓN;PAGOS06012026.csv
6012026;1200990015;283400;6/01/2026;CONSIGNACIÓN;PAGOS06012026.csv
6012026;1224242031;158875;6/01/2026;CONSIGNACIÓN;PAGOS06012026.csv
6012026;1224066464;141600;6/01/2026;CONSIGNACIÓN;PAGOS06012026.csv
6012026;1201386180;98900;6/01/2026;CONSIGNACIÓN;PAGOS06012026.csv
6012026;1224185672;87700;6/01/2026;CONSIGNACIÓN;PAGOS06012026.csv
6012026;1224239401;85000;6/01/2026;CONSIGNACIÓN;PAGOS06012026.csv
6012026;1224271584;78800;6/01/2026;CONSIGNACIÓN;PAGOS06012026.csv
6012026;1200529010;29015;6/01/2026;CONSIGNACIÓN;PAGOS06012026.csv
6012026;1202263735;326330;6/01/2026;CONSIGNACIÓN;PAGOS06012026.csv
6012026;1200993512;1141500;6/01/2026;CONSIGNACIÓN;PAGOS06012026.csv
6012026;1200993512;1836299;6/01/2026;CONSIGNACIÓN;PAGOS06012026.csv
6012026;1210357550;854250;6/01/2026;CONSIGNACIÓN;PAGOS06012026.csv
6012026;1224544501;556300;6/01/2026;CONSIGNACIÓN;PAGOS06012026.csv
6012026;1224544501;594000;6/01/2026;CONSIGNACIÓN;PAGOS06012026.csv
6012026;1201749913;134000;6/01/2026;CONSIGNACIÓN;PAGOS06012026.csv
6012026;1205100568;243350;6/01/2026;CONSIGNACIÓN;PAGOS06012026.csv
6012026;1224086194;267600;6/01/2026;CONSIGNACIÓN;PAGOS06012026.csv
6012026;1224001100;463700;6/01/2026;CONSIGNACIÓN;PAGOS06012026.csv
6012026;1201687085;339150;6/01/2026;CONSIGNACIÓN;PAGOS06012026.csv
6012026;1200619645;320700;6/01/2026;CONSIGNACIÓN;PAGOS06012026.csv
6012026;1224252381;150000;6/01/2026;CONSIGNACIÓN;PAGOS06012026.csv
6012026;1224087980;128800;6/01/2026;CONSIGNACIÓN;PAGOS06012026.csv
6012026;1200723872;165886;6/01/2026;CONSIGNACIÓN;PAGOS06012026.csv
6012026;1200647383;107500;6/01/2026;CONSIGNACIÓN;PAGOS06012026.csv
6012026;1224413349;217000;6/01/2026;CONSIGNACIÓN;PAGOS06012026.csv
6012026;1201348333;328200;6/01/2026;CONSIGNACIÓN;PAGOS06012026.csv
6012026;1210462433;280950;6/01/2026;CONSIGNACIÓN;PAGOS06012026.csv
6012026;1224055249;933600;6/01/2026;CONSIGNACIÓN;PAGOS06012026.csv
6012026;1224219218;682400;6/01/2026;CONSIGNACIÓN;PAGOS06012026.csv
6012026;1201099639;206200;6/01/2026;CONSIGNACIÓN;PAGOS06012026.csv
6012026;1201063064;454700;6/01/2026;CONSIGNACIÓN;PAGOS06012026.csv
6012026;1210425938;1045694;6/01/2026;CONSIGNACIÓN;PAGOS06012026.csv
6012026;1210510490;822500;6/01/2026;CONSIGNACIÓN;PAGOS06012026.csv
6012026;1210510490;580000;6/01/2026;CONSIGNACIÓN;PAGOS06012026.csv
6012026;1201059653;234800;6/01/2026;CONSIGNACIÓN;PAGOS06012026.csv
6012026;1224752302;212692;6/01/2026;CONSIGNACIÓN;PAGOS06012026.csv
6012026;1210469068;430400;6/01/2026;CONSIGNACIÓN;PAGOS06012026.csv
6012026;1210469068;580150;6/01/2026;CONSIGNACIÓN;PAGOS06012026.csv
6012026;1201802082;2868400;6/01/2026;CONSIGNACIÓN;PAGOS06012026.csv
6012026;1224159342;360400;6/01/2026;CONSIGNACIÓN;PAGOS06012026.csv
6012026;1224482226;226650;6/01/2026;CONSIGNACIÓN;PAGOS06012026.csv
6012026;1200497221;90000;6/01/2026;CONSIGNACIÓN;PAGOS06012026.csv
6012026;1224502209;146750;6/01/2026;CONSIGNACIÓN;PAGOS06012026.csv
6012026;1210424431;364000;6/01/2026;CONSIGNACIÓN;PAGOS06012026.csv
6012026;1224695273;365800;6/01/2026;CONSIGNACIÓN;PAGOS06012026.csv
6012026;1210575551;110000;6/01/2026;CONSIGNACIÓN;PAGOS06012026.csv
6012026;1210226875;168600;6/01/2026;CONSIGNACIÓN;PAGOS06012026.csv
6012026;1224298751;658900;6/01/2026;CONSIGNACIÓN;PAGOS06012026.csv
6012026;1224577468;136126;6/01/2026;CONSIGNACIÓN;PAGOS06012026.csv
6012026;1200529010;376500;6/01/2026;CONSIGNACIÓN;PAGOS06012026.csv
6012026;1200529010;78923;6/01/2026;CONSIGNACIÓN;PAGOS06012026.csv
6012026;1200529010;29015;6/01/2026;CONSIGNACIÓN;PAGOS06012026.csv
6012026;1200500976;553400;6/01/2026;CONSIGNACIÓN;PAGOS06012026.csv
6012026;1224754358;298300;6/01/2026;CONSIGNACIÓN;PAGOS06012026.csv
6012026;1224754358;84000;6/01/2026;CONSIGNACIÓN;PAGOS06012026.csv
6012026;1224232883;7503028;6/01/2026;CONSIGNACIÓN;PAGOS06012026.csv
7012026;1224592602;650885;7/01/2026;WALLET;PAGOS07012026.csv
7012026;1210710435;1308956;7/01/2026;WALLET;PAGOS07012026.csv
7012026;1224101099;817500;7/01/2026;WALLET;PAGOS07012026.csv
7012026;1224653914;495174;7/01/2026;WALLET;PAGOS07012026.csv
7012026;1210556345;99200;7/01/2026;WALLET;PAGOS07012026.csv
7012026;1200199471;990500;7/01/2026;WALLET;PAGOS07012026.csv
7012026;1224071051;996741;7/01/2026;WALLET;PAGOS07012026.csv
7012026;1224252038;387850;7/01/2026;WALLET;PAGOS07012026.csv
7012026;1210581390;55000;7/01/2026;WALLET;PAGOS07012026.csv
7012026;1224428208;69063;7/01/2026;WALLET;PAGOS07012026.csv
7012026;1224734671;581100;7/01/2026;WALLET;PAGOS07012026.csv
7012026;1224734671;690600;7/01/2026;WALLET;PAGOS07012026.csv
7012026;1224734671;446400;7/01/2026;WALLET;PAGOS07012026.csv
7012026;1224410849;453700;7/01/2026;WALLET;PAGOS07012026.csv
7012026;1224563298;205200;7/01/2026;WALLET;PAGOS07012026.csv
7012026;1224432745;564648;7/01/2026;WALLET;PAGOS07012026.csv
7012026;1224685137;1304719;7/01/2026;WALLET;PAGOS07012026.csv
7012026;1202600388;814532;7/01/2026;WALLET;PAGOS07012026.csv
7012026;1210253473;345300;7/01/2026;WALLET;PAGOS07012026.csv
7012026;1224527697;863998;7/01/2026;WALLET;PAGOS07012026.csv
7012026;1224634951;80000;7/01/2026;WALLET;PAGOS07012026.csv
7012026;1224442007;465601;7/01/2026;WALLET;PAGOS07012026.csv
7012026;1224445945;310400;7/01/2026;WALLET;PAGOS07012026.csv
7012026;1210634566;287841;7/01/2026;WALLET;PAGOS07012026.csv
7012026;1210484971;1840849;7/01/2026;WALLET;PAGOS07012026.csv
7012026;1202613225;1049780;7/01/2026;WALLET;PAGOS07012026.csv
7012026;1200529368;2444907;7/01/2026;WALLET;PAGOS07012026.csv
7012026;1210119255;234300;7/01/2026;WALLET;PAGOS07012026.csv
7012026;1201002988;1006173;7/01/2026;WALLET;PAGOS07012026.csv
7012026;1200990015;443100;7/01/2026;WALLET;PAGOS07012026.csv
7012026;1224396633;557756;7/01/2026;WALLET;PAGOS07012026.csv
7012026;1210453423;260416;7/01/2026;WALLET;PAGOS07012026.csv
7012026;1224595619;273927;7/01/2026;WALLET;PAGOS07012026.csv
7012026;1224646037;114200;7/01/2026;WALLET;PAGOS07012026.csv
7012026;1200564516;140901;7/01/2026;WALLET;PAGOS07012026.csv
7012026;1224698181;755084;7/01/2026;WALLET;PAGOS07012026.csv
7012026;1210367797;808000;7/01/2026;WALLET;PAGOS07012026.csv
7012026;1210515812;400664;7/01/2026;WALLET;PAGOS07012026.csv
7012026;1224666858;283847;7/01/2026;WALLET;PAGOS07012026.csv
7012026;1224769845;207500;7/01/2026;WALLET;PAGOS07012026.csv
7012026;1202613225;1188489;7/01/2026;WALLET;PAGOS07012026.csv
7012026;1224479789;99750;7/01/2026;WALLET;PAGOS07012026.csv
7012026;1224305732;703178;7/01/2026;WALLET;PAGOS07012026.csv
7012026;1224769787;187500;7/01/2026;WALLET;PAGOS07012026.csv
7012026;1224135850;342240;7/01/2026;WALLET;PAGOS07012026.csv
7012026;1210495377;127300;7/01/2026;WALLET;PAGOS07012026.csv
7012026;1224330233;119100;7/01/2026;WALLET;PAGOS07012026.csv
7012026;1224174045;364194;7/01/2026;WALLET;PAGOS07012026.csv
7012026;1224677915;903345;7/01/2026;WALLET;PAGOS07012026.csv
7012026;1224295465;639145;7/01/2026;WALLET;PAGOS07012026.csv
7012026;1224252511;1608000;7/01/2026;WALLET;PAGOS07012026.csv
7012026;1224305732;563848;7/01/2026;WALLET;PAGOS07012026.csv
7012026;1224358592;366850;7/01/2026;WALLET;PAGOS07012026.csv
7012026;1210715079;3584400;7/01/2026;WALLET;PAGOS07012026.csv
7012026;1224477347;600900;7/01/2026;WALLET;PAGOS07012026.csv
7012026;1224788040;1290632;7/01/2026;WALLET;PAGOS07012026.csv
7012026;1224546843;2052450;7/01/2026;WALLET;PAGOS07012026.csv
7012026;1224074809;1290688;7/01/2026;WALLET;PAGOS07012026.csv
7012026;1224477773;660500;7/01/2026;WALLET;PAGOS07012026.csv
7012026;1201682490;283800;7/01/2026;WALLET;PAGOS07012026.csv
7012026;1224610449;1086062;7/01/2026;WALLET;PAGOS07012026.csv
7012026;1224152127;668100;7/01/2026;WALLET;PAGOS07012026.csv
7012026;1224234511;328950;7/01/2026;WALLET;PAGOS07012026.csv
7012026;1224234511;770593;7/01/2026;WALLET;PAGOS07012026.csv
7012026;1224157982;218582;7/01/2026;WALLET;PAGOS07012026.csv
7012026;1224234511;625107;7/01/2026;WALLET;PAGOS07012026.csv
7012026;1210660729;271400;7/01/2026;WALLET;PAGOS07012026.csv
7012026;1210198723;215000;7/01/2026;WALLET;PAGOS07012026.csv
7012026;1210519576;1375422;7/01/2026;WALLET;PAGOS07012026.csv
7012026;1224229668;2594800;7/01/2026;WALLET;PAGOS07012026.csv
7012026;1210277437;154300;7/01/2026;WALLET;PAGOS07012026.csv
7012026;1210701250;638881;7/01/2026;WALLET;PAGOS07012026.csv
7012026;1224605769;766900;7/01/2026;WALLET;PAGOS07012026.csv
7012026;1210227476;2449100;7/01/2026;WALLET;PAGOS07012026.csv
7012026;1224638261;1176000;7/01/2026;WALLET;PAGOS07012026.csv
7012026;1210206526;85000;7/01/2026;WALLET;PAGOS07012026.csv
7012026;1224671269;701100;7/01/2026;WALLET;PAGOS07012026.csv
7012026;1224017237;371721;7/01/2026;WALLET;PAGOS07012026.csv
7012026;1224131782;496400;7/01/2026;WALLET;PAGOS07012026.csv
7012026;1224351037;841100;7/01/2026;WALLET;PAGOS07012026.csv
7012026;1224450079;191300;7/01/2026;WALLET;PAGOS07012026.csv
7012026;1224117804;1088449;7/01/2026;WALLET;PAGOS07012026.csv
7012026;1210159670;88800;7/01/2026;WALLET;PAGOS07012026.csv
7012026;1210374791;70000;7/01/2026;WALLET;PAGOS07012026.csv
7012026;1210080294;3746500;7/01/2026;WALLET;PAGOS07012026.csv
7012026;1224252038;327991;7/01/2026;WALLET;PAGOS07012026.csv
7012026;1224065524;457000;7/01/2026;WALLET;PAGOS07012026.csv
7012026;1224244537;4029295;7/01/2026;WALLET;PAGOS07012026.csv
7012026;1224325201;682800;7/01/2026;TRANSFERENCIA;PAGOS07012026.csv
7012026;1224632152;445700;7/01/2026;TRANSFERENCIA;PAGOS07012026.csv
7012026;1224632152;879500;7/01/2026;TRANSFERENCIA;PAGOS07012026.csv
7012026;1224588345;297600;7/01/2026;TRANSFERENCIA;PAGOS07012026.csv
7012026;1224502209;100300;7/01/2026;CONSIGNACIÓN;PAGOS07012026.csv
7012026;1224331170;274500;7/01/2026;CONSIGNACIÓN;PAGOS07012026.csv
7012026;1224068210;921000;7/01/2026;CONSIGNACIÓN;PAGOS07012026.csv
7012026;1224439061;827000;7/01/2026;CONSIGNACIÓN;PAGOS07012026.csv
7012026;1210154479;150900;7/01/2026;CONSIGNACIÓN;PAGOS07012026.csv
7012026;1224121560;1414000;7/01/2026;CONSIGNACIÓN;PAGOS07012026.csv
7012026;1224248533;744000;7/01/2026;CONSIGNACIÓN;PAGOS07012026.csv
7012026;1224459462;1315400;7/01/2026;CONSIGNACIÓN;PAGOS07012026.csv
7012026;1200517017;1000106;7/01/2026;CONSIGNACIÓN;PAGOS07012026.csv
7012026;1210662257;191400;7/01/2026;CONSIGNACIÓN;PAGOS07012026.csv
7012026;1210135249;70600;7/01/2026;CONSIGNACIÓN;PAGOS07012026.csv
7012026;1210469149;126000;7/01/2026;CONSIGNACIÓN;PAGOS07012026.csv
7012026;1224242112;1137388;7/01/2026;CONSIGNACIÓN;PAGOS07012026.csv
7012026;1224413499;546300;7/01/2026;CONSIGNACIÓN;PAGOS07012026.csv
7012026;1200563632;796200;7/01/2026;CONSIGNACIÓN;PAGOS07012026.csv
7012026;1224361854;1733010;7/01/2026;CONSIGNACIÓN;PAGOS07012026.csv
7012026;1224382049;142300;7/01/2026;CONSIGNACIÓN;PAGOS07012026.csv
7012026;1202615168;385000;7/01/2026;CONSIGNACIÓN;PAGOS07012026.csv
7012026;1201687085;403900;7/01/2026;CONSIGNACIÓN;PAGOS07012026.csv
7012026;1224236577;1885680;7/01/2026;CONSIGNACIÓN;PAGOS07012026.csv
7012026;1210603781;750501;7/01/2026;CONSIGNACIÓN;PAGOS07012026.csv
7012026;1210603781;430000;7/01/2026;CONSIGNACIÓN;PAGOS07012026.csv
7012026;1210603781;555421;7/01/2026;CONSIGNACIÓN;PAGOS07012026.csv
7012026;1210196936;302800;7/01/2026;CONSIGNACIÓN;PAGOS07012026.csv
7012026;1224271584;54235;7/01/2026;CONSIGNACIÓN;PAGOS07012026.csv
7012026;1224096262;727713;7/01/2026;CONSIGNACIÓN;PAGOS07012026.csv
7012026;1210603781;1024372;7/01/2026;CONSIGNACIÓN;PAGOS07012026.csv
7012026;1224061326;180000;7/01/2026;CONSIGNACIÓN;PAGOS07012026.csv
7012026;1202608894;1065300;7/01/2026;CONSIGNACIÓN;PAGOS07012026.csv
7012026;1224575893;660504;7/01/2026;CONSIGNACIÓN;PAGOS07012026.csv
7012026;1224174502;246900;7/01/2026;CONSIGNACIÓN;PAGOS07012026.csv
7012026;1210522973;210750;7/01/2026;CONSIGNACIÓN;PAGOS07012026.csv
7012026;1224621907;99600;7/01/2026;CONSIGNACIÓN;PAGOS07012026.csv
7012026;1224493608;87500;7/01/2026;CONSIGNACIÓN;PAGOS07012026.csv
7012026;1224493608;245600;7/01/2026;CONSIGNACIÓN;PAGOS07012026.csv
7012026;1224681748;799000;7/01/2026;CONSIGNACIÓN;PAGOS07012026.csv
7012026;1224681748;797000;7/01/2026;CONSIGNACIÓN;PAGOS07012026.csv
7012026;1224458359;136100;7/01/2026;CONSIGNACIÓN;PAGOS07012026.csv
7012026;1201687085;275200;7/01/2026;CONSIGNACIÓN;PAGOS07012026.csv
7012026;1224702777;1942256;7/01/2026;CONSIGNACIÓN;PAGOS07012026.csv
7012026;1224260313;4493600;7/01/2026;CONSIGNACIÓN;PAGOS07012026.csv
7012026;1201916695;135464;7/01/2026;CONSIGNACIÓN;PAGOS07012026.csv
7012026;1210575551;258733;7/01/2026;CONSIGNACIÓN;PAGOS07012026.csv
7012026;1201272753;811221;7/01/2026;CONSIGNACIÓN;PAGOS07012026.csv
7012026;1210688035;363500;7/01/2026;CONSIGNACIÓN;PAGOS07012026.csv
7012026;1210544188;163900;7/01/2026;CONSIGNACIÓN;PAGOS07012026.csv
7012026;1201444477;638500;7/01/2026;CONSIGNACIÓN;PAGOS07012026.csv
7012026;1210557150;334200;7/01/2026;CONSIGNACIÓN;PAGOS07012026.csv
7012026;1210487556;953068;7/01/2026;CONSIGNACIÓN;PAGOS07012026.csv
7012026;1210181153;156600;7/01/2026;CONSIGNACIÓN;PAGOS07012026.csv
7012026;1224193900;990450;7/01/2026;CONSIGNACIÓN;PAGOS07012026.csv
7012026;1200572849;689467;7/01/2026;CONSIGNACIÓN;PAGOS07012026.csv
7012026;1205001089;307500;7/01/2026;CONSIGNACIÓN;PAGOS07012026.csv
7012026;1224486825;2028940;7/01/2026;CONSIGNACIÓN;PAGOS07012026.csv
7012026;1210579074;601800;7/01/2026;CONSIGNACIÓN;PAGOS07012026.csv
7012026;1201386180;133500;7/01/2026;CONSIGNACIÓN;PAGOS07012026.csv
7012026;1224067748;1570000;7/01/2026;CONSIGNACIÓN;PAGOS07012026.csv
7012026;1224573671;490329;7/01/2026;CONSIGNACIÓN;PAGOS07012026.csv
7012026;1224219932;182000;7/01/2026;CONSIGNACIÓN;PAGOS07012026.csv
7012026;1224604755;590600;7/01/2026;CONSIGNACIÓN;PAGOS07012026.csv
7012026;1210584618;176300;7/01/2026;CONSIGNACIÓN;PAGOS07012026.csv
7012026;1210617638;55000;7/01/2026;CONSIGNACIÓN;PAGOS07012026.csv
7012026;1224237819;663834;7/01/2026;CONSIGNACIÓN;PAGOS07012026.csv
7012026;1205001695;1235000;7/01/2026;CONSIGNACIÓN;PAGOS07012026.csv
7012026;1210613340;2500000;7/01/2026;CONSIGNACIÓN;PAGOS07012026.csv
7012026;1224029012;1037939;7/01/2026;CONSIGNACIÓN;PAGOS07012026.csv
7012026;1224390759;742000;7/01/2026;CONSIGNACIÓN;PAGOS07012026.csv
7012026;1201683572;513700;7/01/2026;CONSIGNACIÓN;PAGOS07012026.csv
7012026;1224355403;436735;7/01/2026;CONSIGNACIÓN;PAGOS07012026.csv
7012026;1224216179;240100;7/01/2026;CONSIGNACIÓN;PAGOS07012026.csv
7012026;1224101963;215300;7/01/2026;CONSIGNACIÓN;PAGOS07012026.csv
7012026;1224185672;113700;7/01/2026;CONSIGNACIÓN;PAGOS07012026.csv
7012026;1224185672;60000;7/01/2026;CONSIGNACIÓN;PAGOS07012026.csv
7012026;1224731075;450000;7/01/2026;CONSIGNACIÓN;PAGOS07012026.csv
7012026;1224731075;61650;7/01/2026;CONSIGNACIÓN;PAGOS07012026.csv
7012026;1200014272;326266;7/01/2026;CONSIGNACIÓN;PAGOS07012026.csv
7012026;1210667877;128000;7/01/2026;CONSIGNACIÓN;PAGOS07012026.csv
7012026;1201866770;732549;7/01/2026;CONSIGNACIÓN;PAGOS07012026.csv
7012026;1201866770;1021043;7/01/2026;CONSIGNACIÓN;PAGOS07012026.csv
7012026;1224439061;1491100;7/01/2026;CONSIGNACIÓN;PAGOS07012026.csv
7012026;1224570751;1402200;7/01/2026;CONSIGNACIÓN;PAGOS07012026.csv
7012026;1210613556;247800;7/01/2026;CONSIGNACIÓN;PAGOS07012026.csv
7012026;1205102544;335200;7/01/2026;CONSIGNACIÓN;PAGOS07012026.csv
7012026;1201869840;1079800;7/01/2026;CONSIGNACIÓN;PAGOS07012026.csv
7012026;1202608603;612400;7/01/2026;CONSIGNACIÓN;PAGOS07012026.csv
7012026;1224205667;387400;7/01/2026;CONSIGNACIÓN;PAGOS07012026.csv
7012026;1210307562;61700;7/01/2026;CONSIGNACIÓN;PAGOS07012026.csv
7012026;1224178047;360268;7/01/2026;CONSIGNACIÓN;PAGOS07012026.csv
7012026;1210310707;649600;7/01/2026;CONSIGNACIÓN;PAGOS07012026.csv
7012026;1224536644;881773;7/01/2026;CONSIGNACIÓN;PAGOS07012026.csv
7012026;1224127716;69600;7/01/2026;CONSIGNACIÓN;PAGOS07012026.csv
7012026;1224104844;226700;7/01/2026;CONSIGNACIÓN;PAGOS07012026.csv
7012026;1224456131;1182000;7/01/2026;CONSIGNACIÓN;PAGOS07012026.csv
7012026;1224810193;153000;7/01/2026;CONSIGNACIÓN;PAGOS07012026.csv
8012026;1224023928;222100;8/01/2026;WALLET;PAGOS08012026.csv
8012026;1210284948;113700;8/01/2026;WALLET;PAGOS08012026.csv
8012026;1224086360;943949;8/01/2026;WALLET;PAGOS08012026.csv
8012026;1210655832;167977;8/01/2026;WALLET;PAGOS08012026.csv
8012026;1210644570;487600;8/01/2026;WALLET;PAGOS08012026.csv
8012026;1224322002;1483421;8/01/2026;WALLET;PAGOS08012026.csv
8012026;1224064213;1468835;8/01/2026;WALLET;PAGOS08012026.csv
8012026;1224518099;975537;8/01/2026;WALLET;PAGOS08012026.csv
8012026;1210686128;60100;8/01/2026;WALLET;PAGOS08012026.csv
8012026;1210720119;140100;8/01/2026;WALLET;PAGOS08012026.csv
8012026;1224635054;483400;8/01/2026;WALLET;PAGOS08012026.csv
8012026;1224452430;857100;8/01/2026;WALLET;PAGOS08012026.csv
8012026;1210194319;348908;8/01/2026;WALLET;PAGOS08012026.csv
8012026;1210161080;516289;8/01/2026;WALLET;PAGOS08012026.csv
8012026;1224759789;820700;8/01/2026;WALLET;PAGOS08012026.csv
8012026;1224504412;317700;8/01/2026;WALLET;PAGOS08012026.csv
8012026;1224611048;1999192;8/01/2026;WALLET;PAGOS08012026.csv
8012026;1224666792;1995100;8/01/2026;WALLET;PAGOS08012026.csv
8012026;1210135991;834700;8/01/2026;WALLET;PAGOS08012026.csv
8012026;1224382049;1212460;8/01/2026;WALLET;PAGOS08012026.csv
8012026;1224774513;310050;8/01/2026;WALLET;PAGOS08012026.csv
8012026;1210701063;548735;8/01/2026;WALLET;PAGOS08012026.csv
8012026;1224090985;904400;8/01/2026;WALLET;PAGOS08012026.csv
8012026;1224424312;150552;8/01/2026;WALLET;PAGOS08012026.csv
8012026;1224652352;331467;8/01/2026;WALLET;PAGOS08012026.csv
8012026;1224584890;1620200;8/01/2026;WALLET;PAGOS08012026.csv
8012026;1224132413;639400;8/01/2026;WALLET;PAGOS08012026.csv
8012026;1224581232;2145300;8/01/2026;WALLET;PAGOS08012026.csv
8012026;1224091119;212847;8/01/2026;WALLET;PAGOS08012026.csv
8012026;1210634566;115000;8/01/2026;WALLET;PAGOS08012026.csv
8012026;1210614430;743268;8/01/2026;WALLET;PAGOS08012026.csv
8012026;1210198723;114388;8/01/2026;WALLET;PAGOS08012026.csv
8012026;1210328847;251000;8/01/2026;WALLET;PAGOS08012026.csv
8012026;1224470971;347350;8/01/2026;WALLET;PAGOS08012026.csv
8012026;1201375185;1733200;8/01/2026;WALLET;PAGOS08012026.csv
8012026;1210062422;2813799;8/01/2026;WALLET;PAGOS08012026.csv
8012026;1224183520;661299;8/01/2026;WALLET;PAGOS08012026.csv
8012026;1224165311;1101800;8/01/2026;WALLET;PAGOS08012026.csv
8012026;1201681885;187500;8/01/2026;WALLET;PAGOS08012026.csv
8012026;1224105112;4051600;8/01/2026;WALLET;PAGOS08012026.csv
8012026;1224074134;238497;8/01/2026;WALLET;PAGOS08012026.csv
8012026;1206281749;983267;8/01/2026;WALLET;PAGOS08012026.csv
8012026;1224615530;212600;8/01/2026;WALLET;PAGOS08012026.csv
8012026;1210263178;354945;8/01/2026;WALLET;PAGOS08012026.csv
8012026;1224445945;1781700;8/01/2026;WALLET;PAGOS08012026.csv
8012026;1224411512;727252;8/01/2026;WALLET;PAGOS08012026.csv
8012026;1224127245;309859;8/01/2026;WALLET;PAGOS08012026.csv
8012026;1210488891;1421600;8/01/2026;TRANSFERENCIA;PAGOS08012026.csv
8012026;1210691542;190000;8/01/2026;TRANSFERENCIA;PAGOS08012026.csv
8012026;1224576196;590400;8/01/2026;TRANSFERENCIA;PAGOS08012026.csv
8012026;1210615268;414315;8/01/2026;CONSIGNACIÓN;PAGOS08012026.csv
8012026;1224042007;102449;8/01/2026;CONSIGNACIÓN;PAGOS08012026.csv
8012026;1224042007;27000;8/01/2026;CONSIGNACIÓN;PAGOS08012026.csv
8012026;1224042007;1028616;8/01/2026;CONSIGNACIÓN;PAGOS08012026.csv
8012026;1224042007;59277;8/01/2026;CONSIGNACIÓN;PAGOS08012026.csv
8012026;1205100568;217700;8/01/2026;CONSIGNACIÓN;PAGOS08012026.csv
8012026;1201535532;453500;8/01/2026;CONSIGNACIÓN;PAGOS08012026.csv
8012026;1210544567;500228;8/01/2026;CONSIGNACIÓN;PAGOS08012026.csv
8012026;1224768728;1009900;8/01/2026;CONSIGNACIÓN;PAGOS08012026.csv
8012026;1224574994;132700;8/01/2026;CONSIGNACIÓN;PAGOS08012026.csv
8012026;1224574994;1092500;8/01/2026;CONSIGNACIÓN;PAGOS08012026.csv
8012026;1224487959;1040100;8/01/2026;CONSIGNACIÓN;PAGOS08012026.csv
8012026;1224531967;340572;8/01/2026;CONSIGNACIÓN;PAGOS08012026.csv
8012026;1210152173;140000;8/01/2026;CONSIGNACIÓN;PAGOS08012026.csv
8012026;1224642694;410100;8/01/2026;CONSIGNACIÓN;PAGOS08012026.csv
8012026;1210691542;370000;8/01/2026;CONSIGNACIÓN;PAGOS08012026.csv
8012026;1210691542;212600;8/01/2026;CONSIGNACIÓN;PAGOS08012026.csv
8012026;1224622471;2607600;8/01/2026;CONSIGNACIÓN;PAGOS08012026.csv
8012026;1224331573;440500;8/01/2026;CONSIGNACIÓN;PAGOS08012026.csv
8012026;1224331573;440350;8/01/2026;CONSIGNACIÓN;PAGOS08012026.csv
8012026;1205102951;260450;8/01/2026;CONSIGNACIÓN;PAGOS08012026.csv
8012026;1224060193;526800;8/01/2026;CONSIGNACIÓN;PAGOS08012026.csv
8012026;1200993512;768000;8/01/2026;CONSIGNACIÓN;PAGOS08012026.csv
8012026;1224028213;179500;8/01/2026;CONSIGNACIÓN;PAGOS08012026.csv
8012026;1202600614;531600;8/01/2026;CONSIGNACIÓN;PAGOS08012026.csv
8012026;1224030239;230900;8/01/2026;CONSIGNACIÓN;PAGOS08012026.csv
8012026;1224660355;602600;8/01/2026;CONSIGNACIÓN;PAGOS08012026.csv
8012026;1224486825;1971042;8/01/2026;CONSIGNACIÓN;PAGOS08012026.csv
8012026;1210616607;338468;8/01/2026;CONSIGNACIÓN;PAGOS08012026.csv
8012026;1201918905;286000;8/01/2026;CONSIGNACIÓN;PAGOS08012026.csv
8012026;1224698090;1849539;8/01/2026;CONSIGNACIÓN;PAGOS08012026.csv
8012026;1210616607;59242;8/01/2026;CONSIGNACIÓN;PAGOS08012026.csv
8012026;1224331573;441900;8/01/2026;CONSIGNACIÓN;PAGOS08012026.csv
8012026;1210592203;728700;8/01/2026;CONSIGNACIÓN;PAGOS08012026.csv
8012026;1224197278;529700;8/01/2026;CONSIGNACIÓN;PAGOS08012026.csv
8012026;1210408646;145850;8/01/2026;CONSIGNACIÓN;PAGOS08012026.csv
8012026;1224174668;189300;8/01/2026;CONSIGNACIÓN;PAGOS08012026.csv
8012026;1224174668;170900;8/01/2026;CONSIGNACIÓN;PAGOS08012026.csv
8012026;1224174668;189500;8/01/2026;CONSIGNACIÓN;PAGOS08012026.csv
8012026;1224069349;1786800;8/01/2026;CONSIGNACIÓN;PAGOS08012026.csv
8012026;1201802045;195000;8/01/2026;CONSIGNACIÓN;PAGOS08012026.csv
8012026;1210558376;50185;8/01/2026;CONSIGNACIÓN;PAGOS08012026.csv
8012026;1210285308;1023292;8/01/2026;CONSIGNACIÓN;PAGOS08012026.csv
8012026;1224540254;2023200;8/01/2026;CONSIGNACIÓN;PAGOS08012026.csv
8012026;1210576943;135000;8/01/2026;CONSIGNACIÓN;PAGOS08012026.csv
8012026;1224723658;469509;8/01/2026;CONSIGNACIÓN;PAGOS08012026.csv
8012026;1210550874;76800;8/01/2026;CONSIGNACIÓN;PAGOS08012026.csv
8012026;1224027011;311900;8/01/2026;CONSIGNACIÓN;PAGOS08012026.csv
8012026;1202136365;1661465;8/01/2026;CONSIGNACIÓN;PAGOS08012026.csv
8012026;1224149918;496781;8/01/2026;CONSIGNACIÓN;PAGOS08012026.csv
8012026;1224001100;146550;8/01/2026;CONSIGNACIÓN;PAGOS08012026.csv
8012026;1201379867;901021;8/01/2026;CONSIGNACIÓN;PAGOS08012026.csv
8012026;1224045661;117600;8/01/2026;CONSIGNACIÓN;PAGOS08012026.csv
8012026;1224104393;364240;8/01/2026;CONSIGNACIÓN;PAGOS08012026.csv
8012026;1224754358;389500;8/01/2026;CONSIGNACIÓN;PAGOS08012026.csv
8012026;1224104393;382227;8/01/2026;CONSIGNACIÓN;PAGOS08012026.csv
8012026;1224104393;808243;8/01/2026;CONSIGNACIÓN;PAGOS08012026.csv
8012026;1224067748;163900;8/01/2026;CONSIGNACIÓN;PAGOS08012026.csv
8012026;1210009627;832400;8/01/2026;CONSIGNACIÓN;PAGOS08012026.csv
8012026;1224490256;57500;8/01/2026;CONSIGNACIÓN;PAGOS08012026.csv
8012026;1224644342;956000;8/01/2026;CONSIGNACIÓN;PAGOS08012026.csv
8012026;1224804769;552400;8/01/2026;CONSIGNACIÓN;PAGOS08012026.csv
8012026;1224532921;1146000;8/01/2026;CONSIGNACIÓN;PAGOS08012026.csv
8012026;1224532921;1203000;8/01/2026;CONSIGNACIÓN;PAGOS08012026.csv
8012026;1210596154;392138;8/01/2026;CONSIGNACIÓN;PAGOS08012026.csv
8012026;1210464622;475268;8/01/2026;CONSIGNACIÓN;PAGOS08012026.csv
8012026;1210323096;160235;8/01/2026;CONSIGNACIÓN;PAGOS08012026.csv
8012026;1201866770;1027085;8/01/2026;CONSIGNACIÓN;PAGOS08012026.csv
8012026;1210088571;127350;8/01/2026;CONSIGNACIÓN;PAGOS08012026.csv
8012026;1224617940;40800;8/01/2026;CONSIGNACIÓN;PAGOS08012026.csv
8012026;1224331224;747600;8/01/2026;CONSIGNACIÓN;PAGOS08012026.csv
8012026;1224124095;50000;8/01/2026;CONSIGNACIÓN;PAGOS08012026.csv
8012026;1210425938;770428;8/01/2026;CONSIGNACIÓN;PAGOS08012026.csv
8012026;1224115561;290300;8/01/2026;CONSIGNACIÓN;PAGOS08012026.csv
8012026;1210425938;1055664;8/01/2026;CONSIGNACIÓN;PAGOS08012026.csv
9012026;1210206526;157000;9/01/2026;WALLET;PAGOS09012026.csv
9012026;1224073827;1449200;9/01/2026;WALLET;PAGOS09012026.csv
9012026;1210258129;195000;9/01/2026;WALLET;PAGOS09012026.csv
9012026;1224605773;595700;9/01/2026;WALLET;PAGOS09012026.csv
9012026;1210287874;1041080;9/01/2026;WALLET;PAGOS09012026.csv
9012026;1224450929;1334480;9/01/2026;WALLET;PAGOS09012026.csv
9012026;1224558687;939575;9/01/2026;WALLET;PAGOS09012026.csv
9012026;1210735699;876300;9/01/2026;WALLET;PAGOS09012026.csv
9012026;1224274649;1408156;9/01/2026;WALLET;PAGOS09012026.csv
9012026;1224484307;995800;9/01/2026;WALLET;PAGOS09012026.csv
9012026;1224524604;585268;9/01/2026;WALLET;PAGOS09012026.csv
9012026;1224040830;2928900;9/01/2026;WALLET;PAGOS09012026.csv
9012026;1224466436;113750;9/01/2026;WALLET;PAGOS09012026.csv
9012026;1210119255;195000;9/01/2026;WALLET;PAGOS09012026.csv
9012026;1224634951;82500;9/01/2026;WALLET;PAGOS09012026.csv
9012026;1224634951;54600;9/01/2026;WALLET;PAGOS09012026.csv
9012026;1224074687;896554;9/01/2026;WALLET;PAGOS09012026.csv
9012026;1224686304;248100;9/01/2026;WALLET;PAGOS09012026.csv
9012026;1224206306;878000;9/01/2026;WALLET;PAGOS09012026.csv
9012026;1210549478;1038033;9/01/2026;WALLET;PAGOS09012026.csv
9012026;1224662664;270400;9/01/2026;WALLET;PAGOS09012026.csv
9012026;1224596641;227688;9/01/2026;WALLET;PAGOS09012026.csv
9012026;1210519576;590932;9/01/2026;WALLET;PAGOS09012026.csv
9012026;1224576081;412150;9/01/2026;WALLET;PAGOS09012026.csv
9012026;1201844985;90000;9/01/2026;WALLET;PAGOS09012026.csv
9012026;1201375375;2503114;9/01/2026;WALLET;PAGOS09012026.csv
9012026;1200439625;458329;9/01/2026;WALLET;PAGOS09012026.csv
9012026;1224670335;506200;9/01/2026;WALLET;PAGOS09012026.csv
9012026;1224670164;931500;9/01/2026;WALLET;PAGOS09012026.csv
9012026;1224038973;822000;9/01/2026;WALLET;PAGOS09012026.csv
9012026;1224795140;141000;9/01/2026;WALLET;PAGOS09012026.csv
9012026;1200748676;543164;9/01/2026;WALLET;PAGOS09012026.csv
9012026;1210536905;212000;9/01/2026;WALLET;PAGOS09012026.csv
9012026;1210233626;410309;9/01/2026;WALLET;PAGOS09012026.csv
9012026;1224778160;86700;9/01/2026;WALLET;PAGOS09012026.csv
9012026;1224500144;1629700;9/01/2026;WALLET;PAGOS09012026.csv
9012026;1224266074;1324200;9/01/2026;WALLET;PAGOS09012026.csv
9012026;1224625112;345000;9/01/2026;WALLET;PAGOS09012026.csv
9012026;1201531594;285000;9/01/2026;WALLET;PAGOS09012026.csv
9012026;1202600605;697745;9/01/2026;WALLET;PAGOS09012026.csv
9012026;1201273581;70000;9/01/2026;WALLET;PAGOS09012026.csv
9012026;1201683835;501800;9/01/2026;WALLET;PAGOS09012026.csv
9012026;1224563298;182400;9/01/2026;WALLET;PAGOS09012026.csv
9012026;1201683835;138462;9/01/2026;WALLET;PAGOS09012026.csv
9012026;1224211126;149838;9/01/2026;WALLET;PAGOS09012026.csv
9012026;1224165482;444199;9/01/2026;WALLET;PAGOS09012026.csv
9012026;1210439136;429688;9/01/2026;WALLET;PAGOS09012026.csv
9012026;1210744272;1208000;9/01/2026;WALLET;PAGOS09012026.csv
9012026;1224163916;192200;9/01/2026;WALLET;PAGOS09012026.csv
9012026;1224567463;510360;9/01/2026;WALLET;PAGOS09012026.csv
9012026;1210730054;165600;9/01/2026;WALLET;PAGOS09012026.csv
9012026;1210740707;2181200;9/01/2026;TRANSFERENCIA;PAGOS09012026.csv
9012026;1224567505;238439;9/01/2026;TRANSFERENCIA;PAGOS09012026.csv
9012026;1210258423;2926621;9/01/2026;TRANSFERENCIA;PAGOS09012026.csv
9012026;1200297512;700000;9/01/2026;TRANSFERENCIA;PAGOS09012026.csv
9012026;1224248533;763100;9/01/2026;CONSIGNACIÓN;PAGOS09012026.csv
9012026;1224061188;1191683;9/01/2026;CONSIGNACIÓN;PAGOS09012026.csv
9012026;1224061188;590573;9/01/2026;CONSIGNACIÓN;PAGOS09012026.csv
9012026;1224027288;1904152;9/01/2026;CONSIGNACIÓN;PAGOS09012026.csv
9012026;1224104297;171250;9/01/2026;CONSIGNACIÓN;PAGOS09012026.csv
9012026;1210579074;660100;9/01/2026;CONSIGNACIÓN;PAGOS09012026.csv
9012026;1224432239;8986300;9/01/2026;CONSIGNACIÓN;PAGOS09012026.csv
9012026;1224516698;759205;9/01/2026;CONSIGNACIÓN;PAGOS09012026.csv
9012026;1224668880;1103500;9/01/2026;CONSIGNACIÓN;PAGOS09012026.csv
9012026;1210025103;516469;9/01/2026;CONSIGNACIÓN;PAGOS09012026.csv
9012026;1210208628;158600;9/01/2026;CONSIGNACIÓN;PAGOS09012026.csv
9012026;1210571044;921400;9/01/2026;CONSIGNACIÓN;PAGOS09012026.csv
9012026;1224611710;1407273;9/01/2026;CONSIGNACIÓN;PAGOS09012026.csv
9012026;1200802589;4497400;9/01/2026;CONSIGNACIÓN;PAGOS09012026.csv
9012026;1224322705;105000;9/01/2026;CONSIGNACIÓN;PAGOS09012026.csv
9012026;1210025103;632312;9/01/2026;CONSIGNACIÓN;PAGOS09012026.csv
9012026;1224390759;742000;9/01/2026;CONSIGNACIÓN;PAGOS09012026.csv
9012026;1210199014;260450;9/01/2026;CONSIGNACIÓN;PAGOS09012026.csv
9012026;1224337405;336650;9/01/2026;CONSIGNACIÓN;PAGOS09012026.csv
9012026;1224396454;7280174;9/01/2026;CONSIGNACIÓN;PAGOS09012026.csv
9012026;1224026662;170650;9/01/2026;CONSIGNACIÓN;PAGOS09012026.csv
9012026;1210700846;188300;9/01/2026;CONSIGNACIÓN;PAGOS09012026.csv
9012026;1210173571;126300;9/01/2026;CONSIGNACIÓN;PAGOS09012026.csv
9012026;1210173571;120000;9/01/2026;CONSIGNACIÓN;PAGOS09012026.csv
9012026;1224271584;1551335;9/01/2026;CONSIGNACIÓN;PAGOS09012026.csv
9012026;1224724809;199800;9/01/2026;CONSIGNACIÓN;PAGOS09012026.csv
9012026;1224312415;500000;9/01/2026;CONSIGNACIÓN;PAGOS09012026.csv
9012026;1224312415;500000;9/01/2026;CONSIGNACIÓN;PAGOS09012026.csv
9012026;1224312415;500000;9/01/2026;CONSIGNACIÓN;PAGOS09012026.csv
9012026;1224668880;268400;9/01/2026;CONSIGNACIÓN;PAGOS09012026.csv
9012026;1224312415;497900;9/01/2026;CONSIGNACIÓN;PAGOS09012026.csv
9012026;1210128341;527746;9/01/2026;CONSIGNACIÓN;PAGOS09012026.csv
9012026;1224668880;1057300;9/01/2026;CONSIGNACIÓN;PAGOS09012026.csv
9012026;1224346834;633200;9/01/2026;CONSIGNACIÓN;PAGOS09012026.csv
9012026;1200500940;43560;9/01/2026;CONSIGNACIÓN;PAGOS09012026.csv
9012026;1200500940;486406;9/01/2026;CONSIGNACIÓN;PAGOS09012026.csv
9012026;1201683572;207500;9/01/2026;CONSIGNACIÓN;PAGOS09012026.csv
9012026;1224158233;1650100;9/01/2026;CONSIGNACIÓN;PAGOS09012026.csv
9012026;1210464622;445045;9/01/2026;CONSIGNACIÓN;PAGOS09012026.csv
9012026;1224755464;287800;9/01/2026;CONSIGNACIÓN;PAGOS09012026.csv
9012026;1224084755;1389261;9/01/2026;CONSIGNACIÓN;PAGOS09012026.csv
9012026;1224522981;2075300;9/01/2026;CONSIGNACIÓN;PAGOS09012026.csv
9012026;1224382916;61400;9/01/2026;CONSIGNACIÓN;PAGOS09012026.csv
9012026;1224702328;1760100;9/01/2026;CONSIGNACIÓN;PAGOS09012026.csv
9012026;1210584618;708600;9/01/2026;CONSIGNACIÓN;PAGOS09012026.csv
9012026;1201925584;848320;9/01/2026;CONSIGNACIÓN;PAGOS09012026.csv
9012026;1201063064;291700;9/01/2026;CONSIGNACIÓN;PAGOS09012026.csv
9012026;1224106565;424246;9/01/2026;CONSIGNACIÓN;PAGOS09012026.csv
9012026;1224219932;139700;9/01/2026;CONSIGNACIÓN;PAGOS09012026.csv
9012026;1224164144;792802;9/01/2026;CONSIGNACIÓN;PAGOS09012026.csv
9012026;1200220886;1995000;9/01/2026;CONSIGNACIÓN;PAGOS09012026.csv
9012026;1224077600;345321;9/01/2026;CONSIGNACIÓN;PAGOS09012026.csv
9012026;1210369504;73600;9/01/2026;CONSIGNACIÓN;PAGOS09012026.csv
9012026;1201379366;2792087;9/01/2026;CONSIGNACIÓN;PAGOS09012026.csv
9012026;1210433476;603550;9/01/2026;CONSIGNACIÓN;PAGOS09012026.csv
9012026;1201263700;1107600;9/01/2026;CONSIGNACIÓN;PAGOS09012026.csv
9012026;1201263700;425100;9/01/2026;CONSIGNACIÓN;PAGOS09012026.csv
9012026;1224349881;965200;9/01/2026;CONSIGNACIÓN;PAGOS09012026.csv
10012026;1201399462;1554267;10/01/2026;WALLET;PAGOS10012026.csv
10012026;1210481206;3577300;10/01/2026;WALLET;PAGOS10012026.csv
10012026;1224605769;439600;10/01/2026;WALLET;PAGOS10012026.csv
10012026;1202609947;1278024;10/01/2026;WALLET;PAGOS10012026.csv
10012026;1224517821;196416;10/01/2026;WALLET;PAGOS10012026.csv
10012026;1224424313;414859;10/01/2026;WALLET;PAGOS10012026.csv
10012026;1224095228;772788;10/01/2026;WALLET;PAGOS10012026.csv
10012026;1224550030;55000;10/01/2026;WALLET;PAGOS10012026.csv
10012026;1202483750;1456700;10/01/2026;WALLET;PAGOS10012026.csv
10012026;1210253473;562200;10/01/2026;WALLET;PAGOS10012026.csv
10012026;1210275162;202500;10/01/2026;WALLET;PAGOS10012026.csv
10012026;1200439625;99197;10/01/2026;WALLET;PAGOS10012026.csv
10012026;1224769845;250000;10/01/2026;WALLET;PAGOS10012026.csv
10012026;1224421484;1685000;10/01/2026;WALLET;PAGOS10012026.csv
10012026;1224049809;1061160;10/01/2026;WALLET;PAGOS10012026.csv
10012026;1224023928;314661;10/01/2026;WALLET;PAGOS10012026.csv
10012026;1200990015;123500;10/01/2026;WALLET;PAGOS10012026.csv
10012026;1224542514;683043;10/01/2026;WALLET;PAGOS10012026.csv
10012026;1224128122;375000;10/01/2026;WALLET;PAGOS10012026.csv
10012026;1224400226;786750;10/01/2026;WALLET;PAGOS10012026.csv
10012026;1224698181;620203;10/01/2026;WALLET;PAGOS10012026.csv
10012026;1224377214;4020500;10/01/2026;WALLET;PAGOS10012026.csv
10012026;1224452430;865300;10/01/2026;WALLET;PAGOS10012026.csv
10012026;1224566554;217500;10/01/2026;WALLET;PAGOS10012026.csv
10012026;1224536114;442600;10/01/2026;WALLET;PAGOS10012026.csv
10012026;1210703889;885000;10/01/2026;WALLET;PAGOS10012026.csv
10012026;1224351037;1089749;10/01/2026;WALLET;PAGOS10012026.csv
10012026;1210488891;1894000;10/01/2026;TRANSFERENCIA;PAGOS10012026.csv
10012026;1224373793;3928218;10/01/2026;TRANSFERENCIA;PAGOS10012026.csv
10012026;1205101082;1716816;10/01/2026;CONSIGNACIÓN;PAGOS10012026.csv
10012026;1224193900;573700;10/01/2026;CONSIGNACIÓN;PAGOS10012026.csv
10012026;1200670517;1083895;10/01/2026;CONSIGNACIÓN;PAGOS10012026.csv
10012026;1224106565;2195907;10/01/2026;CONSIGNACIÓN;PAGOS10012026.csv
10012026;1224327212;737900;10/01/2026;CONSIGNACIÓN;PAGOS10012026.csv
10012026;1200570192;541868;10/01/2026;CONSIGNACIÓN;PAGOS10012026.csv
10012026;1210616607;313281;10/01/2026;CONSIGNACIÓN;PAGOS10012026.csv
10012026;1224043883;254900;10/01/2026;CONSIGNACIÓN;PAGOS10012026.csv
10012026;1201264756;247500;10/01/2026;CONSIGNACIÓN;PAGOS10012026.csv
10012026;1224477860;155400;10/01/2026;CONSIGNACIÓN;PAGOS10012026.csv
10012026;1201023416;107000;10/01/2026;CONSIGNACIÓN;PAGOS10012026.csv
10012026;1224086194;81600;10/01/2026;CONSIGNACIÓN;PAGOS10012026.csv
10012026;1210425746;52800;10/01/2026;CONSIGNACIÓN;PAGOS10012026.csv
10012026;1224113856;2971950;10/01/2026;CONSIGNACIÓN;PAGOS10012026.csv
10012026;1224157530;936300;10/01/2026;CONSIGNACIÓN;PAGOS10012026.csv
10012026;1210696523;692460;10/01/2026;CONSIGNACIÓN;PAGOS10012026.csv
10012026;1224355403;383733;10/01/2026;CONSIGNACIÓN;PAGOS10012026.csv
10012026;1224331892;2271000;10/01/2026;CONSIGNACIÓN;PAGOS10012026.csv
10012026;1210425746;2017600;10/01/2026;CONSIGNACIÓN;PAGOS10012026.csv
10012026;1205004677;1305749;10/01/2026;CONSIGNACIÓN;PAGOS10012026.csv
10012026;1224400739;1124279;10/01/2026;CONSIGNACIÓN;PAGOS10012026.csv
10012026;1224043915;1074300;10/01/2026;CONSIGNACIÓN;PAGOS10012026.csv
10012026;1201386180;69850;10/01/2026;CONSIGNACIÓN;PAGOS10012026.csv
10012026;1210274579;76300;10/01/2026;CONSIGNACIÓN;PAGOS10012026.csv
10012026;1210625375;1086800;10/01/2026;CONSIGNACIÓN;PAGOS10012026.csv
10012026;1201346424;271600;10/01/2026;CONSIGNACIÓN;PAGOS10012026.csv
10012026;1224030846;160704;10/01/2026;CONSIGNACIÓN;PAGOS10012026.csv
10012026;1224030846;223295;10/01/2026;CONSIGNACIÓN;PAGOS10012026.csv
10012026;1224030846;37500;10/01/2026;CONSIGNACIÓN;PAGOS10012026.csv
10012026;1224252381;387900;10/01/2026;CONSIGNACIÓN;PAGOS10012026.csv
10012026;1200723872;145400;10/01/2026;CONSIGNACIÓN;PAGOS10012026.csv
10012026;1210425938;1155058;10/01/2026;CONSIGNACIÓN;PAGOS10012026.csv
10012026;1210196936;38688;10/01/2026;CONSIGNACIÓN;PAGOS10012026.csv
10012026;1201428762;929884;10/01/2026;CONSIGNACIÓN;PAGOS10012026.csv
10012026;1210196936;127500;10/01/2026;CONSIGNACIÓN;PAGOS10012026.csv
10012026;1224483658;563700;10/01/2026;CONSIGNACIÓN;PAGOS10012026.csv
10012026;1224191424;1396000;10/01/2026;CONSIGNACIÓN;PAGOS10012026.csv
10012026;1210156805;292100;10/01/2026;CONSIGNACIÓN;PAGOS10012026.csv
10012026;1224695273;170400;10/01/2026;CONSIGNACIÓN;PAGOS10012026.csv
10012026;1210195317;283300;10/01/2026;CONSIGNACIÓN;PAGOS10012026.csv
10012026;1224079655;90000;10/01/2026;CONSIGNACIÓN;PAGOS10012026.csv
10012026;1200529010;163800;10/01/2026;CONSIGNACIÓN;PAGOS10012026.csv
10012026;1224621907;128500;10/01/2026;CONSIGNACIÓN;PAGOS10012026.csv
10012026;1224595030;931672;10/01/2026;CONSIGNACIÓN;PAGOS10012026.csv
10012026;1210283551;367800;10/01/2026;CONSIGNACIÓN;PAGOS10012026.csv
10012026;1224290538;1129968;10/01/2026;CONSIGNACIÓN;PAGOS10012026.csv
10012026;1210466801;282409;10/01/2026;CONSIGNACIÓN;PAGOS10012026.csv
10012026;1224103890;766400;10/01/2026;CONSIGNACIÓN;PAGOS10012026.csv
10012026;1224296949;1500000;10/01/2026;CONSIGNACIÓN;PAGOS10012026.csv
10012026;1224472956;1156000;10/01/2026;CONSIGNACIÓN;PAGOS10012026.csv
10012026;1210293903;1024000;10/01/2026;CONSIGNACIÓN;PAGOS10012026.csv
10012026;1210618442;516850;10/01/2026;CONSIGNACIÓN;PAGOS10012026.csv
10012026;1200505498;230800;10/01/2026;CONSIGNACIÓN;PAGOS10012026.csv
10012026;1200505498;449200;10/01/2026;CONSIGNACIÓN;PAGOS10012026.csv
10012026;1200518507;662750;10/01/2026;CONSIGNACIÓN;PAGOS10012026.csv
10012026;1224354541;445000;10/01/2026;CONSIGNACIÓN;PAGOS10012026.csv
10012026;1224148236;2997400;10/01/2026;CONSIGNACIÓN;PAGOS10012026.csv
10012026;1201061524;324000;10/01/2026;CONSIGNACIÓN;PAGOS10012026.csv
10012026;1202263735;1024326;10/01/2026;CONSIGNACIÓN;PAGOS10012026.csv
10012026;1210087416;479200;10/01/2026;CONSIGNACIÓN;PAGOS10012026.csv
10012026;1210181153;94500;10/01/2026;CONSIGNACIÓN;PAGOS10012026.csv
10012026;1200543500;1300000;10/01/2026;CONSIGNACIÓN;PAGOS10012026.csv
10012026;1200543500;1035100;10/01/2026;CONSIGNACIÓN;PAGOS10012026.csv
10012026;1224083398;2138045;10/01/2026;CONSIGNACIÓN;PAGOS10012026.csv
10012026;1224296329;308700;10/01/2026;CONSIGNACIÓN;PAGOS10012026.csv
10012026;1210543324;165000;10/01/2026;CONSIGNACIÓN;PAGOS10012026.csv
13012026;1224152127;1321400;13/01/2026;WALLET;PAGOS13012026.csv
13012026;1224055267;352500;13/01/2026;WALLET;PAGOS13012026.csv
13012026;1224565004;1523429;13/01/2026;WALLET;PAGOS13012026.csv
13012026;1202600388;437861;13/01/2026;WALLET;PAGOS13012026.csv
13012026;1201375989;259200;13/01/2026;WALLET;PAGOS13012026.csv
13012026;1224484707;352200;13/01/2026;WALLET;PAGOS13012026.csv
13012026;1201001963;129500;13/01/2026;WALLET;PAGOS13012026.csv
13012026;1210633036;1108377;13/01/2026;WALLET;PAGOS13012026.csv
13012026;1224605642;760324;13/01/2026;WALLET;PAGOS13012026.csv
13012026;1210198723;213000;13/01/2026;WALLET;PAGOS13012026.csv
13012026;1224666792;961950;13/01/2026;WALLET;PAGOS13012026.csv
13012026;1210644432;509050;13/01/2026;WALLET;PAGOS13012026.csv
13012026;1224635054;79800;13/01/2026;WALLET;PAGOS13012026.csv
13012026;1201399462;1391702;13/01/2026;WALLET;PAGOS13012026.csv
13012026;1210556345;246733;13/01/2026;WALLET;PAGOS13012026.csv
13012026;1224628712;185000;13/01/2026;WALLET;PAGOS13012026.csv
13012026;1210613431;1301010;13/01/2026;WALLET;PAGOS13012026.csv
13012026;1210515812;204800;13/01/2026;WALLET;PAGOS13012026.csv
13012026;1224532918;1453772;13/01/2026;WALLET;PAGOS13012026.csv
13012026;1224648261;450300;13/01/2026;WALLET;PAGOS13012026.csv
13012026;1224120858;53800;13/01/2026;WALLET;PAGOS13012026.csv
13012026;1201916695;105100;13/01/2026;WALLET;PAGOS13012026.csv
13012026;1224689698;487500;13/01/2026;WALLET;PAGOS13012026.csv
13012026;1224594257;1584340;13/01/2026;WALLET;PAGOS13012026.csv
13012026;1224671273;282500;13/01/2026;WALLET;PAGOS13012026.csv
13012026;1210328847;221800;13/01/2026;WALLET;PAGOS13012026.csv
13012026;1224086760;2533512;13/01/2026;WALLET;PAGOS13012026.csv
13012026;1224550030;336600;13/01/2026;WALLET;PAGOS13012026.csv
13012026;1224638290;2962599;13/01/2026;WALLET;PAGOS13012026.csv
13012026;1224545526;4784516;13/01/2026;WALLET;PAGOS13012026.csv
13012026;1224103558;350770;13/01/2026;WALLET;PAGOS13012026.csv
13012026;1224411512;701621;13/01/2026;WALLET;PAGOS13012026.csv
13012026;1210198723;151757;13/01/2026;WALLET;PAGOS13012026.csv
13012026;1210275162;878000;13/01/2026;WALLET;PAGOS13012026.csv
13012026;1224768911;208099;13/01/2026;WALLET;PAGOS13012026.csv
13012026;1224470971;413270;13/01/2026;WALLET;PAGOS13012026.csv
13012026;1224662664;192300;13/01/2026;WALLET;PAGOS13012026.csv
13012026;1210430107;1527900;13/01/2026;WALLET;PAGOS13012026.csv
13012026;1210744272;868500;13/01/2026;WALLET;PAGOS13012026.csv
13012026;1224450079;349219;13/01/2026;WALLET;PAGOS13012026.csv
13012026;1224410849;511021;13/01/2026;WALLET;PAGOS13012026.csv
13012026;1210451707;60000;13/01/2026;WALLET;PAGOS13012026.csv
13012026;1224595619;194698;13/01/2026;WALLET;PAGOS13012026.csv
13012026;1210237427;27326;13/01/2026;WALLET;PAGOS13012026.csv
13012026;1224644885;222642;13/01/2026;WALLET;PAGOS13012026.csv
13012026;1224281489;414539;13/01/2026;WALLET;PAGOS13012026.csv
13012026;1210614286;1231300;13/01/2026;WALLET;PAGOS13012026.csv
13012026;1210614364;137800;13/01/2026;WALLET;PAGOS13012026.csv
13012026;1224644885;502622;13/01/2026;WALLET;PAGOS13012026.csv
13012026;1224799468;438829;13/01/2026;WALLET;PAGOS13012026.csv
13012026;1210720119;273600;13/01/2026;WALLET;PAGOS13012026.csv
13012026;1201723920;818300;13/01/2026;WALLET;PAGOS13012026.csv
13012026;1201845551;251000;13/01/2026;WALLET;PAGOS13012026.csv
13012026;1210369415;93241;13/01/2026;TRANSFERENCIA;PAGOS13012026.csv
13012026;1210369415;63777;13/01/2026;TRANSFERENCIA;PAGOS13012026.csv
13012026;1210369415;59993;13/01/2026;TRANSFERENCIA;PAGOS13012026.csv
13012026;1224128019;4453687;13/01/2026;TRANSFERENCIA;PAGOS13012026.csv
13012026;1224411016;335200;13/01/2026;TRANSFERENCIA;PAGOS13012026.csv
13012026;1210168190;311350;13/01/2026;CONSIGNACIÓN;PAGOS13012026.csv
13012026;1224174502;142500;13/01/2026;CONSIGNACIÓN;PAGOS13012026.csv
13012026;1224174502;65000;13/01/2026;CONSIGNACIÓN;PAGOS13012026.csv
13012026;1210128341;896474;13/01/2026;CONSIGNACIÓN;PAGOS13012026.csv
13012026;1224243288;260300;13/01/2026;CONSIGNACIÓN;PAGOS13012026.csv
13012026;1224174668;131800;13/01/2026;CONSIGNACIÓN;PAGOS13012026.csv
13012026;1224253400;488700;13/01/2026;CONSIGNACIÓN;PAGOS13012026.csv
13012026;1205307755;278800;13/01/2026;CONSIGNACIÓN;PAGOS13012026.csv
13012026;1224469036;173000;13/01/2026;CONSIGNACIÓN;PAGOS13012026.csv
13012026;1224755464;465700;13/01/2026;CONSIGNACIÓN;PAGOS13012026.csv
13012026;1200612254;120352;13/01/2026;CONSIGNACIÓN;PAGOS13012026.csv
13012026;1224069308;301920;13/01/2026;CONSIGNACIÓN;PAGOS13012026.csv
13012026;1224499750;75000;13/01/2026;CONSIGNACIÓN;PAGOS13012026.csv
13012026;1224398176;207600;13/01/2026;CONSIGNACIÓN;PAGOS13012026.csv
13012026;1200497519;1454402;13/01/2026;CONSIGNACIÓN;PAGOS13012026.csv
13012026;1224017642;517200;13/01/2026;CONSIGNACIÓN;PAGOS13012026.csv
13012026;1200548593;572500;13/01/2026;CONSIGNACIÓN;PAGOS13012026.csv
13012026;1210425938;1641247;13/01/2026;CONSIGNACIÓN;PAGOS13012026.csv
13012026;1224152121;3215606;13/01/2026;CONSIGNACIÓN;PAGOS13012026.csv
13012026;1210522973;72500;13/01/2026;CONSIGNACIÓN;PAGOS13012026.csv
13012026;1201539881;80400;13/01/2026;CONSIGNACIÓN;PAGOS13012026.csv
13012026;1201539881;103400;13/01/2026;CONSIGNACIÓN;PAGOS13012026.csv
13012026;1201539881;111700;13/01/2026;CONSIGNACIÓN;PAGOS13012026.csv
13012026;1201539881;200900;13/01/2026;CONSIGNACIÓN;PAGOS13012026.csv
13012026;1210206124;250300;13/01/2026;CONSIGNACIÓN;PAGOS13012026.csv
13012026;1210357550;510400;13/01/2026;CONSIGNACIÓN;PAGOS13012026.csv
13012026;1224380437;2166300;13/01/2026;CONSIGNACIÓN;PAGOS13012026.csv
13012026;1224380437;405300;13/01/2026;CONSIGNACIÓN;PAGOS13012026.csv
13012026;1224380437;1732199;13/01/2026;CONSIGNACIÓN;PAGOS13012026.csv
13012026;1224066464;178150;13/01/2026;CONSIGNACIÓN;PAGOS13012026.csv
13012026;1224677746;750000;13/01/2026;CONSIGNACIÓN;PAGOS13012026.csv
13012026;1202610622;277900;13/01/2026;CONSIGNACIÓN;PAGOS13012026.csv
13012026;1210173571;106700;13/01/2026;CONSIGNACIÓN;PAGOS13012026.csv
13012026;1210173571;120000;13/01/2026;CONSIGNACIÓN;PAGOS13012026.csv
13012026;1210039259;4499600;13/01/2026;CONSIGNACIÓN;PAGOS13012026.csv
13012026;1201272753;613282;13/01/2026;CONSIGNACIÓN;PAGOS13012026.csv
13012026;1201272753;196861;13/01/2026;CONSIGNACIÓN;PAGOS13012026.csv
13012026;1201873058;582050;13/01/2026;CONSIGNACIÓN;PAGOS13012026.csv
13012026;1205265658;360880;13/01/2026;CONSIGNACIÓN;PAGOS13012026.csv
13012026;1201905275;197000;13/01/2026;CONSIGNACIÓN;PAGOS13012026.csv
13012026;1201905275;194500;13/01/2026;CONSIGNACIÓN;PAGOS13012026.csv
13012026;1210622335;586700;13/01/2026;CONSIGNACIÓN;PAGOS13012026.csv
13012026;1210611919;110000;13/01/2026;CONSIGNACIÓN;PAGOS13012026.csv
13012026;1224073954;246733;13/01/2026;CONSIGNACIÓN;PAGOS13012026.csv
13012026;1210407932;369448;13/01/2026;CONSIGNACIÓN;PAGOS13012026.csv
13012026;1210672886;350168;13/01/2026;CONSIGNACIÓN;PAGOS13012026.csv
13012026;1202602015;865700;13/01/2026;CONSIGNACIÓN;PAGOS13012026.csv
13012026;1200610916;378713;13/01/2026;CONSIGNACIÓN;PAGOS13012026.csv
13012026;1224383260;347050;13/01/2026;CONSIGNACIÓN;PAGOS13012026.csv
13012026;1224216179;120100;13/01/2026;CONSIGNACIÓN;PAGOS13012026.csv
13012026;1224489927;96250;13/01/2026;CONSIGNACIÓN;PAGOS13012026.csv
13012026;1224489927;128750;13/01/2026;CONSIGNACIÓN;PAGOS13012026.csv
13012026;1224175216;82600;13/01/2026;CONSIGNACIÓN;PAGOS13012026.csv
13012026;1210274579;82600;13/01/2026;CONSIGNACIÓN;PAGOS13012026.csv
13012026;1224099844;79200;13/01/2026;CONSIGNACIÓN;PAGOS13012026.csv
13012026;1210544188;61167;13/01/2026;CONSIGNACIÓN;PAGOS13012026.csv
13012026;1224458359;129600;13/01/2026;CONSIGNACIÓN;PAGOS13012026.csv
13012026;1210469149;153000;13/01/2026;CONSIGNACIÓN;PAGOS13012026.csv
13012026;1224086194;218775;13/01/2026;CONSIGNACIÓN;PAGOS13012026.csv
13012026;1224086194;215252;13/01/2026;CONSIGNACIÓN;PAGOS13012026.csv
13012026;1224703804;752610;13/01/2026;CONSIGNACIÓN;PAGOS13012026.csv
13012026;1200529010;284200;13/01/2026;CONSIGNACIÓN;PAGOS13012026.csv
13012026;1224573464;133700;13/01/2026;CONSIGNACIÓN;PAGOS13012026.csv
13012026;1200572849;1142135;13/01/2026;CONSIGNACIÓN;PAGOS13012026.csv
13012026;1210662257;166300;13/01/2026;CONSIGNACIÓN;PAGOS13012026.csv
13012026;1200497221;135000;13/01/2026;CONSIGNACIÓN;PAGOS13012026.csv
13012026;1200619645;368800;13/01/2026;CONSIGNACIÓN;PAGOS13012026.csv
13012026;1224327521;2038100;13/01/2026;CONSIGNACIÓN;PAGOS13012026.csv
13012026;1224422742;2254500;13/01/2026;CONSIGNACIÓN;PAGOS13012026.csv
13012026;1201683572;234050;13/01/2026;CONSIGNACIÓN;PAGOS13012026.csv
13012026;1201535532;821000;13/01/2026;CONSIGNACIÓN;PAGOS13012026.csv
13012026;1224382916;296800;13/01/2026;CONSIGNACIÓN;PAGOS13012026.csv
13012026;1210369504;100000;13/01/2026;CONSIGNACIÓN;PAGOS13012026.csv
13012026;1210516154;82500;13/01/2026;CONSIGNACIÓN;PAGOS13012026.csv
13012026;1210138838;361239;13/01/2026;CONSIGNACIÓN;PAGOS13012026.csv
13012026;1224012461;320100;13/01/2026;CONSIGNACIÓN;PAGOS13012026.csv
13012026;1224501819;81960;13/01/2026;CONSIGNACIÓN;PAGOS13012026.csv
13012026;1224501819;439364;13/01/2026;CONSIGNACIÓN;PAGOS13012026.csv
13012026;1200014272;456313;13/01/2026;CONSIGNACIÓN;PAGOS13012026.csv
13012026;1200014272;122178;13/01/2026;CONSIGNACIÓN;PAGOS13012026.csv
13012026;1200014272;50000;13/01/2026;CONSIGNACIÓN;PAGOS13012026.csv
13012026;1200014272;337782;13/01/2026;CONSIGNACIÓN;PAGOS13012026.csv
13012026;1224223937;1444200;13/01/2026;CONSIGNACIÓN;PAGOS13012026.csv
13012026;1210568399;315361;13/01/2026;CONSIGNACIÓN;PAGOS13012026.csv
13012026;1201272753;86039;13/01/2026;CONSIGNACIÓN;PAGOS13012026.csv
13012026;1201272753;167764;13/01/2026;CONSIGNACIÓN;PAGOS13012026.csv
13012026;1224604755;409408;13/01/2026;CONSIGNACIÓN;PAGOS13012026.csv
13012026;1224437568;1253844;13/01/2026;CONSIGNACIÓN;PAGOS13012026.csv
13012026;1224437568;468908;13/01/2026;CONSIGNACIÓN;PAGOS13012026.csv
13012026;1202136365;3000000;13/01/2026;CONSIGNACIÓN;PAGOS13012026.csv
13012026;1202136365;156699;13/01/2026;CONSIGNACIÓN;PAGOS13012026.csv
13012026;1224493608;1162200;13/01/2026;CONSIGNACIÓN;PAGOS13012026.csv
13012026;1224030239;169170;13/01/2026;CONSIGNACIÓN;PAGOS13012026.csv
13012026;1224536644;874516;13/01/2026;CONSIGNACIÓN;PAGOS13012026.csv
13012026;1201687085;428500;13/01/2026;CONSIGNACIÓN;PAGOS13012026.csv
13012026;1201687085;29388;13/01/2026;CONSIGNACIÓN;PAGOS13012026.csv
13012026;1224331573;1265450;13/01/2026;CONSIGNACIÓN;PAGOS13012026.csv
13012026;1210044589;7555272;13/01/2026;CONSIGNACIÓN;PAGOS13012026.csv
13012026;1224687076;889187;13/01/2026;CONSIGNACIÓN;PAGOS13012026.csv
13012026;1201804252;98750;13/01/2026;CONSIGNACIÓN;PAGOS13012026.csv
13012026;1200367612;1040300;13/01/2026;CONSIGNACIÓN;PAGOS13012026.csv
13012026;1210447490;191500;13/01/2026;CONSIGNACIÓN;PAGOS13012026.csv
13012026;1224232883;4906669;13/01/2026;CONSIGNACIÓN;PAGOS13012026.csv
13012026;1210584618;1168700;13/01/2026;CONSIGNACIÓN;PAGOS13012026.csv
13012026;1200517017;1022507;13/01/2026;CONSIGNACIÓN;PAGOS13012026.csv
13012026;1201535532;240284;13/01/2026;CONSIGNACIÓN;PAGOS13012026.csv
13012026;1224358753;492212;13/01/2026;CONSIGNACIÓN;PAGOS13012026.csv
13012026;1224214931;772700;13/01/2026;CONSIGNACIÓN;PAGOS13012026.csv
13012026;1202600614;407400;13/01/2026;CONSIGNACIÓN;PAGOS13012026.csv
13012026;1201346424;114000;13/01/2026;CONSIGNACIÓN;PAGOS13012026.csv
13012026;1224659721;1638651;13/01/2026;CONSIGNACIÓN;PAGOS13012026.csv
13012026;1224122463;192500;13/01/2026;CONSIGNACIÓN;PAGOS13012026.csv
13012026;1201104651;853500;13/01/2026;CONSIGNACIÓN;PAGOS13012026.csv
13012026;1210604386;2992910;13/01/2026;CONSIGNACIÓN;PAGOS13012026.csv
14012026;1210749252;429753;14/01/2026;WALLET;PAGOS14012026.csv
14012026;1210369935;438550;14/01/2026;WALLET;PAGOS14012026.csv
14012026;1224442007;438238;14/01/2026;WALLET;PAGOS14012026.csv
14012026;1224605769;544800;14/01/2026;WALLET;PAGOS14012026.csv
14012026;1200748676;332594;14/01/2026;WALLET;PAGOS14012026.csv
14012026;1224634951;65000;14/01/2026;WALLET;PAGOS14012026.csv
14012026;1224634951;41900;14/01/2026;WALLET;PAGOS14012026.csv
14012026;1224634951;62500;14/01/2026;WALLET;PAGOS14012026.csv
14012026;1224634951;65000;14/01/2026;WALLET;PAGOS14012026.csv
14012026;1224577847;108200;14/01/2026;WALLET;PAGOS14012026.csv
14012026;1224634951;80000;14/01/2026;WALLET;PAGOS14012026.csv
14012026;1210581390;314850;14/01/2026;WALLET;PAGOS14012026.csv
14012026;1224634951;77100;14/01/2026;WALLET;PAGOS14012026.csv
14012026;1224576081;360550;14/01/2026;WALLET;PAGOS14012026.csv
14012026;1224634951;55000;14/01/2026;WALLET;PAGOS14012026.csv
14012026;1224605773;728072;14/01/2026;WALLET;PAGOS14012026.csv
14012026;1224358592;617600;14/01/2026;WALLET;PAGOS14012026.csv
14012026;1224101099;342900;14/01/2026;WALLET;PAGOS14012026.csv
14012026;1224527697;883407;14/01/2026;WALLET;PAGOS14012026.csv
14012026;1224103558;1831060;14/01/2026;WALLET;PAGOS14012026.csv
14012026;1224330233;184300;14/01/2026;WALLET;PAGOS14012026.csv
14012026;1200990015;142999;14/01/2026;WALLET;PAGOS14012026.csv
14012026;1224620507;3382549;14/01/2026;WALLET;PAGOS14012026.csv
14012026;1210152173;79500;14/01/2026;WALLET;PAGOS14012026.csv
14012026;1224732188;250000;14/01/2026;WALLET;PAGOS14012026.csv
14012026;1210596349;5782600;14/01/2026;WALLET;PAGOS14012026.csv
14012026;1210194319;262400;14/01/2026;WALLET;PAGOS14012026.csv
14012026;1224649085;1846743;14/01/2026;WALLET;PAGOS14012026.csv
14012026;1224759789;729000;14/01/2026;WALLET;PAGOS14012026.csv
14012026;1224769845;127800;14/01/2026;WALLET;PAGOS14012026.csv
14012026;1210135991;453932;14/01/2026;WALLET;PAGOS14012026.csv
14012026;1210701063;578416;14/01/2026;WALLET;PAGOS14012026.csv
14012026;1201683835;584637;14/01/2026;WALLET;PAGOS14012026.csv
14012026;1201531594;511901;14/01/2026;WALLET;PAGOS14012026.csv
14012026;1210631539;95600;14/01/2026;WALLET;PAGOS14012026.csv
14012026;1224563298;166100;14/01/2026;WALLET;PAGOS14012026.csv
14012026;1224476219;635000;14/01/2026;WALLET;PAGOS14012026.csv
14012026;1224477347;175600;14/01/2026;WALLET;PAGOS14012026.csv
14012026;1224396633;400260;14/01/2026;WALLET;PAGOS14012026.csv
14012026;1210567480;196650;14/01/2026;WALLET;PAGOS14012026.csv
14012026;1210367797;827000;14/01/2026;WALLET;PAGOS14012026.csv
14012026;1224421918;609700;14/01/2026;WALLET;PAGOS14012026.csv
14012026;1224422651;241700;14/01/2026;WALLET;PAGOS14012026.csv
14012026;1210253473;477452;14/01/2026;WALLET;PAGOS14012026.csv
14012026;1224546958;247278;14/01/2026;WALLET;PAGOS14012026.csv
14012026;1210660729;85150;14/01/2026;WALLET;PAGOS14012026.csv
14012026;1224040040;166600;14/01/2026;WALLET;PAGOS14012026.csv
14012026;1210287874;850942;14/01/2026;WALLET;PAGOS14012026.csv
14012026;1224109826;568375;14/01/2026;WALLET;PAGOS14012026.csv
14012026;1200564516;190000;14/01/2026;WALLET;PAGOS14012026.csv
14012026;1224247370;123900;14/01/2026;WALLET;PAGOS14012026.csv
14012026;1224640223;543600;14/01/2026;WALLET;PAGOS14012026.csv
14012026;1224640223;896400;14/01/2026;WALLET;PAGOS14012026.csv
14012026;1224810694;508960;14/01/2026;WALLET;PAGOS14012026.csv
14012026;1210536905;515268;14/01/2026;WALLET;PAGOS14012026.csv
14012026;1224236086;59533;14/01/2026;WALLET;PAGOS14012026.csv
14012026;1200733705;1745224;14/01/2026;WALLET;PAGOS14012026.csv
14012026;1210608784;99962;14/01/2026;WALLET;PAGOS14012026.csv
14012026;1210491490;2995223;14/01/2026;WALLET;PAGOS14012026.csv
14012026;1210730392;174800;14/01/2026;WALLET;PAGOS14012026.csv
14012026;1224524604;955284;14/01/2026;WALLET;PAGOS14012026.csv
14012026;1224007425;2115000;14/01/2026;WALLET;PAGOS14012026.csv
14012026;1224238671;3949466;14/01/2026;WALLET;PAGOS14012026.csv
14012026;1224349400;497500;14/01/2026;TRANSFERENCIA;PAGOS14012026.csv
14012026;1224411016;451000;14/01/2026;TRANSFERENCIA;PAGOS14012026.csv
14012026;1224398047;585200;14/01/2026;TRANSFERENCIA;PAGOS14012026.csv
14012026;1224639808;458800;14/01/2026;TRANSFERENCIA;PAGOS14012026.csv
14012026;1224325201;1939588;14/01/2026;TRANSFERENCIA;PAGOS14012026.csv
14012026;1224735156;1521270;14/01/2026;TRANSFERENCIA;PAGOS14012026.csv
14012026;1201264756;1404300;14/01/2026;TRANSFERENCIA;PAGOS14012026.csv
14012026;1210138838;555590;14/01/2026;CONSIGNACIÓN;PAGOS14012026.csv
14012026;1224205667;385700;14/01/2026;CONSIGNACIÓN;PAGOS14012026.csv
14012026;1210238344;596700;14/01/2026;CONSIGNACIÓN;PAGOS14012026.csv
14012026;1210691542;651600;14/01/2026;CONSIGNACIÓN;PAGOS14012026.csv
14012026;1224145571;796945;14/01/2026;CONSIGNACIÓN;PAGOS14012026.csv
14012026;1224042007;58776;14/01/2026;CONSIGNACIÓN;PAGOS14012026.csv
14012026;1224042007;427247;14/01/2026;CONSIGNACIÓN;PAGOS14012026.csv
14012026;1224042007;27000;14/01/2026;CONSIGNACIÓN;PAGOS14012026.csv
14012026;1224042007;675457;14/01/2026;CONSIGNACIÓN;PAGOS14012026.csv
14012026;1200014272;184790;14/01/2026;CONSIGNACIÓN;PAGOS14012026.csv
14012026;1224219932;150000;14/01/2026;CONSIGNACIÓN;PAGOS14012026.csv
14012026;1224449268;294300;14/01/2026;CONSIGNACIÓN;PAGOS14012026.csv
14012026;1210195317;687350;14/01/2026;CONSIGNACIÓN;PAGOS14012026.csv
14012026;1210196936;437600;14/01/2026;CONSIGNACIÓN;PAGOS14012026.csv
14012026;1210196936;121601;14/01/2026;CONSIGNACIÓN;PAGOS14012026.csv
14012026;1224217606;165000;14/01/2026;CONSIGNACIÓN;PAGOS14012026.csv
14012026;1210590091;503694;14/01/2026;CONSIGNACIÓN;PAGOS14012026.csv
14012026;1224236577;1023104;14/01/2026;CONSIGNACIÓN;PAGOS14012026.csv
14012026;1224115609;264900;14/01/2026;CONSIGNACIÓN;PAGOS14012026.csv
14012026;1210416076;904700;14/01/2026;CONSIGNACIÓN;PAGOS14012026.csv
14012026;1224337405;308200;14/01/2026;CONSIGNACIÓN;PAGOS14012026.csv
14012026;1210416076;1346500;14/01/2026;CONSIGNACIÓN;PAGOS14012026.csv
14012026;1224632724;325160;14/01/2026;CONSIGNACIÓN;PAGOS14012026.csv
14012026;1200600543;1000000;14/01/2026;CONSIGNACIÓN;PAGOS14012026.csv
14012026;1200600543;2250000;14/01/2026;CONSIGNACIÓN;PAGOS14012026.csv
14012026;1200600543;448418;14/01/2026;CONSIGNACIÓN;PAGOS14012026.csv
14012026;1210550874;68000;14/01/2026;CONSIGNACIÓN;PAGOS14012026.csv
14012026;1224355403;551486;14/01/2026;CONSIGNACIÓN;PAGOS14012026.csv
14012026;1224178047;168265;14/01/2026;CONSIGNACIÓN;PAGOS14012026.csv
14012026;1210539627;1473198;14/01/2026;CONSIGNACIÓN;PAGOS14012026.csv
14012026;1224087633;877592;14/01/2026;CONSIGNACIÓN;PAGOS14012026.csv
14012026;1210180334;768917;14/01/2026;CONSIGNACIÓN;PAGOS14012026.csv
14012026;1224065705;764086;14/01/2026;CONSIGNACIÓN;PAGOS14012026.csv
14012026;1224604755;742003;14/01/2026;CONSIGNACIÓN;PAGOS14012026.csv
14012026;1200518507;729000;14/01/2026;CONSIGNACIÓN;PAGOS14012026.csv
14012026;1200536424;582816;14/01/2026;CONSIGNACIÓN;PAGOS14012026.csv
14012026;1200612254;561040;14/01/2026;CONSIGNACIÓN;PAGOS14012026.csv
14012026;1224048956;507000;14/01/2026;CONSIGNACIÓN;PAGOS14012026.csv
14012026;1224156751;862627;14/01/2026;CONSIGNACIÓN;PAGOS14012026.csv
14012026;1224156751;214560;14/01/2026;CONSIGNACIÓN;PAGOS14012026.csv
14012026;1210408646;80000;14/01/2026;CONSIGNACIÓN;PAGOS14012026.csv
14012026;1224248533;567600;14/01/2026;CONSIGNACIÓN;PAGOS14012026.csv
14012026;1202483750;1417500;14/01/2026;CONSIGNACIÓN;PAGOS14012026.csv
14012026;1201063064;327600;14/01/2026;CONSIGNACIÓN;PAGOS14012026.csv
14012026;1224707736;919000;14/01/2026;CONSIGNACIÓN;PAGOS14012026.csv
14012026;1210561390;79300;14/01/2026;CONSIGNACIÓN;PAGOS14012026.csv
14012026;1224307638;3962400;14/01/2026;CONSIGNACIÓN;PAGOS14012026.csv
14012026;1224104844;181700;14/01/2026;CONSIGNACIÓN;PAGOS14012026.csv
14012026;1210558376;81960;14/01/2026;CONSIGNACIÓN;PAGOS14012026.csv
14012026;1224211845;1724400;14/01/2026;CONSIGNACIÓN;PAGOS14012026.csv
14012026;1224483658;758100;14/01/2026;CONSIGNACIÓN;PAGOS14012026.csv
14012026;1224338802;70000;14/01/2026;CONSIGNACIÓN;PAGOS14012026.csv
14012026;1201920886;723500;14/01/2026;CONSIGNACIÓN;PAGOS14012026.csv
14012026;1224065696;680293;14/01/2026;CONSIGNACIÓN;PAGOS14012026.csv
14012026;1224573927;278514;14/01/2026;CONSIGNACIÓN;PAGOS14012026.csv
14012026;1224065696;309546;14/01/2026;CONSIGNACIÓN;PAGOS14012026.csv
14012026;1224398176;215000;14/01/2026;CONSIGNACIÓN;PAGOS14012026.csv
14012026;1224065696;265247;14/01/2026;CONSIGNACIÓN;PAGOS14012026.csv
14012026;1224065705;275650;14/01/2026;CONSIGNACIÓN;PAGOS14012026.csv
14012026;1210424431;445000;14/01/2026;CONSIGNACIÓN;PAGOS14012026.csv
14012026;1200548073;432100;14/01/2026;CONSIGNACIÓN;PAGOS14012026.csv
14012026;1224237819;322800;14/01/2026;CONSIGNACIÓN;PAGOS14012026.csv
14012026;1224492968;306050;14/01/2026;CONSIGNACIÓN;PAGOS14012026.csv
14012026;1224477860;301000;14/01/2026;CONSIGNACIÓN;PAGOS14012026.csv
14012026;1210650402;261350;14/01/2026;CONSIGNACIÓN;PAGOS14012026.csv
14012026;1224185672;259400;14/01/2026;CONSIGNACIÓN;PAGOS14012026.csv
14012026;1210737917;253350;14/01/2026;CONSIGNACIÓN;PAGOS14012026.csv
14012026;1224591146;222652;14/01/2026;CONSIGNACIÓN;PAGOS14012026.csv
14012026;1224029439;220300;14/01/2026;CONSIGNACIÓN;PAGOS14012026.csv
14012026;1202615168;188000;14/01/2026;CONSIGNACIÓN;PAGOS14012026.csv
14012026;1210274085;187500;14/01/2026;CONSIGNACIÓN;PAGOS14012026.csv
14012026;1224621907;125000;14/01/2026;CONSIGNACIÓN;PAGOS14012026.csv
14012026;1210576943;102600;14/01/2026;CONSIGNACIÓN;PAGOS14012026.csv
14012026;1224124095;95000;14/01/2026;CONSIGNACIÓN;PAGOS14012026.csv
14012026;1210493182;60580;14/01/2026;CONSIGNACIÓN;PAGOS14012026.csv
14012026;1224029012;53125;14/01/2026;CONSIGNACIÓN;PAGOS14012026.csv
14012026;1210617638;389300;14/01/2026;CONSIGNACIÓN;PAGOS14012026.csv
14012026;1201061524;376000;14/01/2026;CONSIGNACIÓN;PAGOS14012026.csv
14012026;1224331224;1151200;14/01/2026;CONSIGNACIÓN;PAGOS14012026.csv
14012026;1210557150;212850;14/01/2026;CONSIGNACIÓN;PAGOS14012026.csv
14012026;1224396454;8207400;14/01/2026;CONSIGNACIÓN;PAGOS14012026.csv
14012026;1200500940;83170;14/01/2026;CONSIGNACIÓN;PAGOS14012026.csv
14012026;1205008512;266900;14/01/2026;CONSIGNACIÓN;PAGOS14012026.csv
14012026;1210642644;273200;14/01/2026;CONSIGNACIÓN;PAGOS14012026.csv
14012026;1205008512;23000;14/01/2026;CONSIGNACIÓN;PAGOS14012026.csv
14012026;1200518507;106300;14/01/2026;CONSIGNACIÓN;PAGOS14012026.csv
14012026;1224537255;881311;14/01/2026;CONSIGNACIÓN;PAGOS14012026.csv
14012026;1224054950;914800;14/01/2026;CONSIGNACIÓN;PAGOS14012026.csv
14012026;1224595030;375000;14/01/2026;CONSIGNACIÓN;PAGOS14012026.csv
14012026;1201872920;51179;14/01/2026;CONSIGNACIÓN;PAGOS14012026.csv
14012026;1224583213;414300;14/01/2026;CONSIGNACIÓN;PAGOS14012026.csv
14012026;1201349089;76300;14/01/2026;CONSIGNACIÓN;PAGOS14012026.csv
14012026;1201349089;181200;14/01/2026;CONSIGNACIÓN;PAGOS14012026.csv
14012026;1210737917;105500;14/01/2026;CONSIGNACIÓN;PAGOS14012026.csv
14012026;1200670242;536000;14/01/2026;CONSIGNACIÓN;PAGOS14012026.csv
14012026;1201918905;132600;14/01/2026;CONSIGNACIÓN;PAGOS14012026.csv
14012026;1205001089;307500;14/01/2026;CONSIGNACIÓN;PAGOS14012026.csv
14012026;1224382916;588200;14/01/2026;CONSIGNACIÓN;PAGOS14012026.csv
14012026;1210602458;293300;14/01/2026;CONSIGNACIÓN;PAGOS14012026.csv
14012026;1224420888;384352;14/01/2026;CONSIGNACIÓN;PAGOS14012026.csv
14012026;1205100568;564726;14/01/2026;CONSIGNACIÓN;PAGOS14012026.csv
14012026;1224646062;2388000;14/01/2026;CONSIGNACIÓN;PAGOS14012026.csv
14012026;1210488891;1618600;14/01/2026;CONSIGNACIÓN;PAGOS14012026.csv
14012026;1224432237;1335999;14/01/2026;CONSIGNACIÓN;PAGOS14012026.csv
14012026;1224331892;611900;14/01/2026;CONSIGNACIÓN;PAGOS14012026.csv
14012026;1224435725;166925;14/01/2026;CONSIGNACIÓN;PAGOS14012026.csv
14012026;1224435725;123900;14/01/2026;CONSIGNACIÓN;PAGOS14012026.csv
14012026;1210537204;449003;14/01/2026;CONSIGNACIÓN;PAGOS14012026.csv
14012026;1224038731;545295;14/01/2026;CONSIGNACIÓN;PAGOS14012026.csv
14012026;1224197278;901500;14/01/2026;CONSIGNACIÓN;PAGOS14012026.csv
14012026;1224298751;2000000;14/01/2026;CONSIGNACIÓN;PAGOS14012026.csv
14012026;1224298751;1182199;14/01/2026;CONSIGNACIÓN;PAGOS14012026.csv
14012026;1224067748;884000;14/01/2026;CONSIGNACIÓN;PAGOS14012026.csv
14012026;1205102951;96450;14/01/2026;CONSIGNACIÓN;PAGOS14012026.csv
14012026;1210310707;701200;14/01/2026;CONSIGNACIÓN;PAGOS14012026.csv
14012026;1224320845;670621;14/01/2026;CONSIGNACIÓN;PAGOS14012026.csv
14012026;1224158233;631000;14/01/2026;CONSIGNACIÓN;PAGOS14012026.csv
14012026;1224570751;2848500;14/01/2026;CONSIGNACIÓN;PAGOS14012026.csv
14012026;1224219932;255700;14/01/2026;CONSIGNACIÓN;PAGOS14012026.csv
14012026;1210743660;179300;14/01/2026;CONSIGNACIÓN;PAGOS14012026.csv
14012026;1201264756;1131000;14/01/2026;CONSIGNACIÓN;PAGOS14012026.csv
14012026;1224439061;1052900;14/01/2026;CONSIGNACIÓN;PAGOS14012026.csv
14012026;1200367612;141200;14/01/2026;CONSIGNACIÓN;PAGOS14012026.csv
14012026;1224318928;720990;14/01/2026;CONSIGNACIÓN;PAGOS14012026.csv
14012026;1224043736;881500;14/01/2026;CONSIGNACIÓN;PAGOS14012026.csv
14012026;1224595873;2454400;14/01/2026;CONSIGNACIÓN;PAGOS14012026.csv
14012026;1224061311;2982960;14/01/2026;CONSIGNACIÓN;PAGOS14012026.csv
14012026;1224749461;201600;14/01/2026;CONSIGNACIÓN;PAGOS14012026.csv
14012026;1200548073;828083;14/01/2026;CONSIGNACIÓN;PAGOS14012026.csv
14012026;1224219218;938800;14/01/2026;CONSIGNACIÓN;PAGOS14012026.csv
14012026;1224174668;1982041;14/01/2026;CONSIGNACIÓN;PAGOS14012026.csv
14012026;1224174668;164400;14/01/2026;CONSIGNACIÓN;PAGOS14012026.csv
15012026;1224627510;408000;15/01/2026;WALLET;PAGOS15012026.csv
15012026;1224117495;365552;15/01/2026;WALLET;PAGOS15012026.csv
15012026;1210251817;1428138;15/01/2026;WALLET;PAGOS15012026.csv
15012026;1210458938;328650;15/01/2026;WALLET;PAGOS15012026.csv
15012026;1224252511;2150300;15/01/2026;WALLET;PAGOS15012026.csv
15012026;1224644762;1921226;15/01/2026;WALLET;PAGOS15012026.csv
15012026;1224615530;191800;15/01/2026;WALLET;PAGOS15012026.csv
15012026;1224576081;161784;15/01/2026;WALLET;PAGOS15012026.csv
15012026;1200517017;951194;15/01/2026;WALLET;PAGOS15012026.csv
15012026;1224479789;71750;15/01/2026;WALLET;PAGOS15012026.csv
15012026;1210515812;277715;15/01/2026;WALLET;PAGOS15012026.csv
15012026;1210194319;252489;15/01/2026;WALLET;PAGOS15012026.csv
15012026;1210287874;57500;15/01/2026;WALLET;PAGOS15012026.csv
15012026;1224387687;836600;15/01/2026;WALLET;PAGOS15012026.csv
15012026;1224685137;991457;15/01/2026;WALLET;PAGOS15012026.csv
15012026;1210563832;219577;15/01/2026;WALLET;PAGOS15012026.csv
15012026;1224205143;76000;15/01/2026;WALLET;PAGOS15012026.csv
15012026;1224706790;281699;15/01/2026;WALLET;PAGOS15012026.csv
15012026;1224385679;319251;15/01/2026;WALLET;PAGOS15012026.csv
15012026;1210275162;631200;15/01/2026;WALLET;PAGOS15012026.csv
15012026;1210495377;27972;15/01/2026;WALLET;PAGOS15012026.csv
15012026;1210258129;104501;15/01/2026;WALLET;PAGOS15012026.csv
15012026;1210343880;58800;15/01/2026;WALLET;PAGOS15012026.csv
15012026;1200115106;173800;15/01/2026;WALLET;PAGOS15012026.csv
15012026;1200748676;230122;15/01/2026;WALLET;PAGOS15012026.csv
15012026;1224698181;890137;15/01/2026;WALLET;PAGOS15012026.csv
15012026;1224211625;2481740;15/01/2026;WALLET;PAGOS15012026.csv
15012026;1224610449;1071081;15/01/2026;WALLET;PAGOS15012026.csv
15012026;1210451707;506800;15/01/2026;WALLET;PAGOS15012026.csv
15012026;1224646037;94828;15/01/2026;WALLET;PAGOS15012026.csv
15012026;1224153881;609942;15/01/2026;WALLET;PAGOS15012026.csv
15012026;1224422651;285400;15/01/2026;WALLET;PAGOS15012026.csv
15012026;1224421918;858800;15/01/2026;WALLET;PAGOS15012026.csv
15012026;1224229668;2987300;15/01/2026;WALLET;PAGOS15012026.csv
15012026;1210589416;255550;15/01/2026;WALLET;PAGOS15012026.csv
15012026;1224788040;1265272;15/01/2026;WALLET;PAGOS15012026.csv
15012026;1224522716;345139;15/01/2026;WALLET;PAGOS15012026.csv
15012026;1224706790;683545;15/01/2026;WALLET;PAGOS15012026.csv
15012026;1210566301;75304;15/01/2026;WALLET;PAGOS15012026.csv
15012026;1202483750;1108648;15/01/2026;WALLET;PAGOS15012026.csv
15012026;1201919413;1213796;15/01/2026;WALLET;PAGOS15012026.csv
15012026;1200665096;159376;15/01/2026;WALLET;PAGOS15012026.csv
15012026;1210198723;139500;15/01/2026;WALLET;PAGOS15012026.csv
15012026;1224508213;1141600;15/01/2026;WALLET;PAGOS15012026.csv
15012026;1210251817;1583877;15/01/2026;WALLET;PAGOS15012026.csv
15012026;1224595619;179787;15/01/2026;WALLET;PAGOS15012026.csv
15012026;1224756982;403600;15/01/2026;WALLET;PAGOS15012026.csv
15012026;1224071051;976919;15/01/2026;WALLET;PAGOS15012026.csv
15012026;1224772843;413300;15/01/2026;WALLET;PAGOS15012026.csv
15012026;1224723044;368700;15/01/2026;WALLET;PAGOS15012026.csv
15012026;1224653914;52720;15/01/2026;WALLET;PAGOS15012026.csv
15012026;1224091119;690895;15/01/2026;WALLET;PAGOS15012026.csv
15012026;1210744272;934400;15/01/2026;WALLET;PAGOS15012026.csv
15012026;1210701063;474419;15/01/2026;WALLET;PAGOS15012026.csv
15012026;1224070049;498300;15/01/2026;WALLET;PAGOS15012026.csv
15012026;1224600637;503850;15/01/2026;TRANSFERENCIA;PAGOS15012026.csv
15012026;1224275644;1121600;15/01/2026;TRANSFERENCIA;PAGOS15012026.csv
15012026;1224055249;1112000;15/01/2026;TRANSFERENCIA;PAGOS15012026.csv
15012026;1224493384;1003701;15/01/2026;TRANSFERENCIA;PAGOS15012026.csv
15012026;1210488891;414100;15/01/2026;TRANSFERENCIA;PAGOS15012026.csv
15012026;1210258423;1226565;15/01/2026;TRANSFERENCIA;PAGOS15012026.csv
15012026;1224204344;2992048;15/01/2026;CONSIGNACIÓN;PAGOS15012026.csv
15012026;1210596154;360085;15/01/2026;CONSIGNACIÓN;PAGOS15012026.csv
15012026;1210187668;4499600;15/01/2026;CONSIGNACIÓN;PAGOS15012026.csv
15012026;1210039259;4491100;15/01/2026;CONSIGNACIÓN;PAGOS15012026.csv
15012026;1224196436;324196;15/01/2026;CONSIGNACIÓN;PAGOS15012026.csv
15012026;1210181153;239700;15/01/2026;CONSIGNACIÓN;PAGOS15012026.csv
15012026;1200723872;119450;15/01/2026;CONSIGNACIÓN;PAGOS15012026.csv
15012026;1200581600;134131;15/01/2026;CONSIGNACIÓN;PAGOS15012026.csv
15012026;1224502209;178950;15/01/2026;CONSIGNACIÓN;PAGOS15012026.csv
15012026;1224104393;807681;15/01/2026;CONSIGNACIÓN;PAGOS15012026.csv
15012026;1224754358;523600;15/01/2026;CONSIGNACIÓN;PAGOS15012026.csv
15012026;1210206124;203900;15/01/2026;CONSIGNACIÓN;PAGOS15012026.csv
15012026;1210473819;125000;15/01/2026;CONSIGNACIÓN;PAGOS15012026.csv
15012026;1224174502;140000;15/01/2026;CONSIGNACIÓN;PAGOS15012026.csv
15012026;1224061188;1361283;15/01/2026;CONSIGNACIÓN;PAGOS15012026.csv
15012026;1224421473;3000000;15/01/2026;CONSIGNACIÓN;PAGOS15012026.csv
15012026;1224421473;304300;15/01/2026;CONSIGNACIÓN;PAGOS15012026.csv
15012026;1210510490;202600;15/01/2026;CONSIGNACIÓN;PAGOS15012026.csv
15012026;1210594472;210050;15/01/2026;CONSIGNACIÓN;PAGOS15012026.csv
15012026;1224518138;974200;15/01/2026;CONSIGNACIÓN;PAGOS15012026.csv
15012026;1224252381;160100;15/01/2026;CONSIGNACIÓN;PAGOS15012026.csv
15012026;1210196936;206500;15/01/2026;CONSIGNACIÓN;PAGOS15012026.csv
15012026;1201682049;698900;15/01/2026;CONSIGNACIÓN;PAGOS15012026.csv
15012026;1201348333;271000;15/01/2026;CONSIGNACIÓN;PAGOS15012026.csv
15012026;1224057163;507500;15/01/2026;CONSIGNACIÓN;PAGOS15012026.csv
15012026;1224057163;784900;15/01/2026;CONSIGNACIÓN;PAGOS15012026.csv
15012026;1224057163;480500;15/01/2026;CONSIGNACIÓN;PAGOS15012026.csv
15012026;1205001695;1249500;15/01/2026;CONSIGNACIÓN;PAGOS15012026.csv
15012026;1210407932;245515;15/01/2026;CONSIGNACIÓN;PAGOS15012026.csv
15012026;1224432056;504500;15/01/2026;CONSIGNACIÓN;PAGOS15012026.csv
15012026;1224179252;562100;15/01/2026;CONSIGNACIÓN;PAGOS15012026.csv
15012026;1205102544;179100;15/01/2026;CONSIGNACIÓN;PAGOS15012026.csv
15012026;1224043883;251600;15/01/2026;CONSIGNACIÓN;PAGOS15012026.csv
15012026;1224106565;2116151;15/01/2026;CONSIGNACIÓN;PAGOS15012026.csv
15012026;1224628741;1057600;15/01/2026;CONSIGNACIÓN;PAGOS15012026.csv
15012026;1224721153;2384000;15/01/2026;CONSIGNACIÓN;PAGOS15012026.csv
15012026;1201444477;247200;15/01/2026;CONSIGNACIÓN;PAGOS15012026.csv
15012026;1224180998;2326100;15/01/2026;CONSIGNACIÓN;PAGOS15012026.csv
15012026;1210425938;984390;15/01/2026;CONSIGNACIÓN;PAGOS15012026.csv
15012026;1224542076;51176;15/01/2026;CONSIGNACIÓN;PAGOS15012026.csv
15012026;1224755464;532200;15/01/2026;CONSIGNACIÓN;PAGOS15012026.csv
15012026;1224387665;489700;15/01/2026;CONSIGNACIÓN;PAGOS15012026.csv
15012026;1224472317;593900;15/01/2026;CONSIGNACIÓN;PAGOS15012026.csv
15012026;1210323096;135000;15/01/2026;CONSIGNACIÓN;PAGOS15012026.csv
15012026;1201357867;82600;15/01/2026;CONSIGNACIÓN;PAGOS15012026.csv
15012026;1224172697;189752;15/01/2026;CONSIGNACIÓN;PAGOS15012026.csv
15012026;1201802082;1293500;15/01/2026;CONSIGNACIÓN;PAGOS15012026.csv
15012026;1210462433;508870;15/01/2026;CONSIGNACIÓN;PAGOS15012026.csv
15012026;1202251487;206500;15/01/2026;CONSIGNACIÓN;PAGOS15012026.csv
15012026;1210523335;1297270;15/01/2026;CONSIGNACIÓN;PAGOS15012026.csv
15012026;1224073786;2159470;15/01/2026;CONSIGNACIÓN;PAGOS15012026.csv
15012026;1210616607;195700;15/01/2026;CONSIGNACIÓN;PAGOS15012026.csv
15012026;1224310318;287500;15/01/2026;CONSIGNACIÓN;PAGOS15012026.csv
15012026;1210199014;310000;15/01/2026;CONSIGNACIÓN;PAGOS15012026.csv
15012026;1201016667;410805;15/01/2026;CONSIGNACIÓN;PAGOS15012026.csv
15012026;1224459462;1131050;15/01/2026;CONSIGNACIÓN;PAGOS15012026.csv
15012026;1200729355;2994800;15/01/2026;CONSIGNACIÓN;PAGOS15012026.csv
15012026;1201272753;263998;15/01/2026;CONSIGNACIÓN;PAGOS15012026.csv
15012026;1224522999;345400;15/01/2026;CONSIGNACIÓN;PAGOS15012026.csv
15012026;1201809119;231050;15/01/2026;CONSIGNACIÓN;PAGOS15012026.csv
15012026;1224103890;411072;15/01/2026;CONSIGNACIÓN;PAGOS15012026.csv
15012026;1210506887;152600;15/01/2026;CONSIGNACIÓN;PAGOS15012026.csv
15012026;1210571044;901800;15/01/2026;CONSIGNACIÓN;PAGOS15012026.csv
15012026;1210571044;650900;15/01/2026;CONSIGNACIÓN;PAGOS15012026.csv
15012026;1210129095;373295;15/01/2026;CONSIGNACIÓN;PAGOS15012026.csv
15012026;1224674031;883200;15/01/2026;CONSIGNACIÓN;PAGOS15012026.csv
15012026;1224406690;510100;15/01/2026;CONSIGNACIÓN;PAGOS15012026.csv
16012026;1224430240;1022720;16/01/2026;WALLET;PAGOS16012026.csv
16012026;1224737853;59388;16/01/2026;WALLET;PAGOS16012026.csv
16012026;1210482650;177659;16/01/2026;WALLET;PAGOS16012026.csv
16012026;1210567263;489017;16/01/2026;WALLET;PAGOS16012026.csv
16012026;1224342748;1584100;16/01/2026;WALLET;PAGOS16012026.csv
16012026;1210356013;2725492;16/01/2026;WALLET;PAGOS16012026.csv
16012026;1210644570;270600;16/01/2026;WALLET;PAGOS16012026.csv
16012026;1224484307;496050;16/01/2026;WALLET;PAGOS16012026.csv
16012026;1202613225;546841;16/01/2026;WALLET;PAGOS16012026.csv
16012026;1224483482;59533;16/01/2026;WALLET;PAGOS16012026.csv
16012026;1224460638;319101;16/01/2026;WALLET;PAGOS16012026.csv
16012026;1224340495;226500;16/01/2026;WALLET;PAGOS16012026.csv
16012026;1224504412;476770;16/01/2026;WALLET;PAGOS16012026.csv
16012026;1224711549;964800;16/01/2026;WALLET;PAGOS16012026.csv
16012026;1210367797;1400400;16/01/2026;WALLET;PAGOS16012026.csv
16012026;1224349194;90000;16/01/2026;WALLET;PAGOS16012026.csv
16012026;1224332338;87582;16/01/2026;WALLET;PAGOS16012026.csv
16012026;1201375375;1758083;16/01/2026;WALLET;PAGOS16012026.csv
16012026;1210560582;70000;16/01/2026;WALLET;PAGOS16012026.csv
16012026;1210321507;132932;16/01/2026;WALLET;PAGOS16012026.csv
16012026;1210321507;235600;16/01/2026;WALLET;PAGOS16012026.csv
16012026;1210194319;66324;16/01/2026;WALLET;PAGOS16012026.csv
16012026;1210655410;1510972;16/01/2026;WALLET;PAGOS16012026.csv
16012026;1224420960;85600;16/01/2026;WALLET;PAGOS16012026.csv
16012026;1224576081;206676;16/01/2026;WALLET;PAGOS16012026.csv
16012026;1210571382;404500;16/01/2026;WALLET;PAGOS16012026.csv
16012026;1224387687;407800;16/01/2026;WALLET;PAGOS16012026.csv
16012026;1210557169;921300;16/01/2026;WALLET;PAGOS16012026.csv
16012026;1210253473;78800;16/01/2026;WALLET;PAGOS16012026.csv
16012026;1210730054;186385;16/01/2026;WALLET;PAGOS16012026.csv
16012026;1224760216;333100;16/01/2026;WALLET;PAGOS16012026.csv
16012026;1210253473;369871;16/01/2026;WALLET;PAGOS16012026.csv
16012026;1224592602;654248;16/01/2026;WALLET;PAGOS16012026.csv
16012026;1224627510;122332;16/01/2026;WALLET;PAGOS16012026.csv
16012026;1224073827;1453508;16/01/2026;WALLET;PAGOS16012026.csv
16012026;1210730546;372500;16/01/2026;WALLET;PAGOS16012026.csv
16012026;1201683835;605567;16/01/2026;WALLET;PAGOS16012026.csv
16012026;1210604386;1189200;16/01/2026;TRANSFERENCIA;PAGOS16012026.csv
16012026;1200168102;1021600;16/01/2026;TRANSFERENCIA;PAGOS16012026.csv
16012026;1200492136;2631500;16/01/2026;TRANSFERENCIA;PAGOS16012026.csv
16012026;1210498001;352514;16/01/2026;TRANSFERENCIA;PAGOS16012026.csv
16012026;1210024158;410950;16/01/2026;CONSIGNACIÓN;PAGOS16012026.csv
16012026;1200500613;282000;16/01/2026;CONSIGNACIÓN;PAGOS16012026.csv
16012026;1224017642;500500;16/01/2026;CONSIGNACIÓN;PAGOS16012026.csv
16012026;1201802045;250000;16/01/2026;CONSIGNACIÓN;PAGOS16012026.csv
16012026;1224311801;829500;16/01/2026;CONSIGNACIÓN;PAGOS16012026.csv
16012026;1224266284;1275800;16/01/2026;CONSIGNACIÓN;PAGOS16012026.csv
16012026;1224573671;600756;16/01/2026;CONSIGNACIÓN;PAGOS16012026.csv
16012026;1224632933;2955171;16/01/2026;CONSIGNACIÓN;PAGOS16012026.csv
16012026;1210721493;273520;16/01/2026;CONSIGNACIÓN;PAGOS16012026.csv
16012026;1224079158;1750700;16/01/2026;CONSIGNACIÓN;PAGOS16012026.csv
16012026;1210294250;978200;16/01/2026;CONSIGNACIÓN;PAGOS16012026.csv
16012026;1224081375;197500;16/01/2026;CONSIGNACIÓN;PAGOS16012026.csv
16012026;1210690177;55824;16/01/2026;CONSIGNACIÓN;PAGOS16012026.csv
16012026;1210690177;61900;16/01/2026;CONSIGNACIÓN;PAGOS16012026.csv
16012026;1202610622;216500;16/01/2026;CONSIGNACIÓN;PAGOS16012026.csv
16012026;1201866770;449227;16/01/2026;CONSIGNACIÓN;PAGOS16012026.csv
16012026;1200610916;191300;16/01/2026;CONSIGNACIÓN;PAGOS16012026.csv
16012026;1201347521;367209;16/01/2026;CONSIGNACIÓN;PAGOS16012026.csv
16012026;1210579074;635700;16/01/2026;CONSIGNACIÓN;PAGOS16012026.csv
16012026;1224001100;220750;16/01/2026;CONSIGNACIÓN;PAGOS16012026.csv
16012026;1210088571;193700;16/01/2026;CONSIGNACIÓN;PAGOS16012026.csv
16012026;1201683572;335050;16/01/2026;CONSIGNACIÓN;PAGOS16012026.csv
16012026;1224544501;596100;16/01/2026;CONSIGNACIÓN;PAGOS16012026.csv
16012026;1224376839;265300;16/01/2026;CONSIGNACIÓN;PAGOS16012026.csv
16012026;1224121560;198900;16/01/2026;CONSIGNACIÓN;PAGOS16012026.csv
16012026;1224681748;25100;16/01/2026;CONSIGNACIÓN;PAGOS16012026.csv
16012026;1224681748;55000;16/01/2026;CONSIGNACIÓN;PAGOS16012026.csv
16012026;1200560292;2959000;16/01/2026;CONSIGNACIÓN;PAGOS16012026.csv
16012026;1210524516;163984;16/01/2026;CONSIGNACIÓN;PAGOS16012026.csv
16012026;1224596606;536700;16/01/2026;CONSIGNACIÓN;PAGOS16012026.csv
16012026;1210138838;260284;16/01/2026;CONSIGNACIÓN;PAGOS16012026.csv
16012026;1224242112;575776;16/01/2026;CONSIGNACIÓN;PAGOS16012026.csv
16012026;1201535532;669969;16/01/2026;CONSIGNACIÓN;PAGOS16012026.csv
16012026;1224493608;1000000;16/01/2026;CONSIGNACIÓN;PAGOS16012026.csv
16012026;1224493608;1000000;16/01/2026;CONSIGNACIÓN;PAGOS16012026.csv
16012026;1224493608;658500;16/01/2026;CONSIGNACIÓN;PAGOS16012026.csv
16012026;1224490256;60800;16/01/2026;CONSIGNACIÓN;PAGOS16012026.csv
16012026;1210357550;517800;16/01/2026;CONSIGNACIÓN;PAGOS16012026.csv
16012026;1224248533;821800;16/01/2026;CONSIGNACIÓN;PAGOS16012026.csv
16012026;1224668880;538000;16/01/2026;CONSIGNACIÓN;PAGOS16012026.csv
16012026;1202263735;802824;16/01/2026;CONSIGNACIÓN;PAGOS16012026.csv
16012026;1210433247;1717675;16/01/2026;CONSIGNACIÓN;PAGOS16012026.csv
16012026;1201021345;2957366;16/01/2026;CONSIGNACIÓN;PAGOS16012026.csv
16012026;1224043915;738472;16/01/2026;CONSIGNACIÓN;PAGOS16012026.csv
16012026;1210694852;296000;16/01/2026;CONSIGNACIÓN;PAGOS16012026.csv
16012026;1210642644;267850;16/01/2026;CONSIGNACIÓN;PAGOS16012026.csv
16012026;1201345531;263175;16/01/2026;CONSIGNACIÓN;PAGOS16012026.csv
16012026;1200014272;50000;16/01/2026;CONSIGNACIÓN;PAGOS16012026.csv
16012026;1224621907;35000;16/01/2026;CONSIGNACIÓN;PAGOS16012026.csv
16012026;1224054950;430000;16/01/2026;CONSIGNACIÓN;PAGOS16012026.csv
16012026;1224086194;404748;16/01/2026;CONSIGNACIÓN;PAGOS16012026.csv
16012026;1224724809;224200;16/01/2026;CONSIGNACIÓN;PAGOS16012026.csv
16012026;1210688035;80533;16/01/2026;CONSIGNACIÓN;PAGOS16012026.csv
16012026;1210425938;1046663;16/01/2026;CONSIGNACIÓN;PAGOS16012026.csv
16012026;1224723658;359195;16/01/2026;CONSIGNACIÓN;PAGOS16012026.csv
16012026;1210196936;241400;16/01/2026;CONSIGNACIÓN;PAGOS16012026.csv
16012026;1224127716;68400;16/01/2026;CONSIGNACIÓN;PAGOS16012026.csv
16012026;1210232115;257900;16/01/2026;CONSIGNACIÓN;PAGOS16012026.csv
16012026;1224009596;1543830;16/01/2026;CONSIGNACIÓN;PAGOS16012026.csv
16012026;1224205667;128500;16/01/2026;CONSIGNACIÓN;PAGOS16012026.csv
16012026;1224026662;187500;16/01/2026;CONSIGNACIÓN;PAGOS16012026.csv
16012026;1201061524;349997;16/01/2026;CONSIGNACIÓN;PAGOS16012026.csv
16012026;1224209585;679800;16/01/2026;CONSIGNACIÓN;PAGOS16012026.csv
16012026;1201687085;475800;16/01/2026;CONSIGNACIÓN;PAGOS16012026.csv
16012026;1201687085;204703;16/01/2026;CONSIGNACIÓN;PAGOS16012026.csv
16012026;1224045661;82600;16/01/2026;CONSIGNACIÓN;PAGOS16012026.csv
16012026;1201687085;225000;16/01/2026;CONSIGNACIÓN;PAGOS16012026.csv
16012026;1224045661;65800;16/01/2026;CONSIGNACIÓN;PAGOS16012026.csv
16012026;1224567505;282381;16/01/2026;CONSIGNACIÓN;PAGOS16012026.csv
16012026;1202602015;57500;16/01/2026;CONSIGNACIÓN;PAGOS16012026.csv
16012026;1202602015;225200;16/01/2026;CONSIGNACIÓN;PAGOS16012026.csv
16012026;1210640445;179400;16/01/2026;CONSIGNACIÓN;PAGOS16012026.csv
16012026;1210640445;975900;16/01/2026;CONSIGNACIÓN;PAGOS16012026.csv
16012026;1210640445;467100;16/01/2026;CONSIGNACIÓN;PAGOS16012026.csv
16012026;1210640445;180000;16/01/2026;CONSIGNACIÓN;PAGOS16012026.csv
16012026;1224670616;165600;16/01/2026;CONSIGNACIÓN;PAGOS16012026.csv
16012026;1224038731;635809;16/01/2026;CONSIGNACIÓN;PAGOS16012026.csv
16012026;1224464587;439591;16/01/2026;CONSIGNACIÓN;PAGOS16012026.csv
16012026;1210596154;102500;16/01/2026;CONSIGNACIÓN;PAGOS16012026.csv
16012026;1224104297;128750;16/01/2026;CONSIGNACIÓN;PAGOS16012026.csv
16012026;1224028937;173600;16/01/2026;CONSIGNACIÓN;PAGOS16012026.csv
17012026;1224624892;335054;17/01/2026;WALLET;PAGOS17012026.csv
17012026;1224074134;435462;17/01/2026;WALLET;PAGOS17012026.csv
17012026;1224605769;508700;17/01/2026;WALLET;PAGOS17012026.csv
17012026;1224351037;907584;17/01/2026;WALLET;PAGOS17012026.csv
17012026;1224044119;85200;17/01/2026;WALLET;PAGOS17012026.csv
17012026;1210119255;323350;17/01/2026;WALLET;PAGOS17012026.csv
17012026;1224411512;559003;17/01/2026;WALLET;PAGOS17012026.csv
17012026;1210328847;234600;17/01/2026;WALLET;PAGOS17012026.csv
17012026;1210655410;7775970;17/01/2026;WALLET;PAGOS17012026.csv
17012026;1210367797;1141100;17/01/2026;WALLET;PAGOS17012026.csv
17012026;1210039028;1907000;17/01/2026;WALLET;PAGOS17012026.csv
17012026;1224531503;322100;17/01/2026;WALLET;PAGOS17012026.csv
17012026;1210367797;736800;17/01/2026;WALLET;PAGOS17012026.csv
17012026;1224421343;402176;17/01/2026;WALLET;PAGOS17012026.csv
17012026;1224295465;405344;17/01/2026;WALLET;PAGOS17012026.csv
17012026;1210622344;71700;17/01/2026;WALLET;PAGOS17012026.csv
17012026;1210660729;57100;17/01/2026;WALLET;PAGOS17012026.csv
17012026;1202483750;376800;17/01/2026;WALLET;PAGOS17012026.csv
17012026;1201531594;283821;17/01/2026;WALLET;PAGOS17012026.csv
17012026;1210515812;241400;17/01/2026;WALLET;PAGOS17012026.csv
17012026;1201683835;555236;17/01/2026;WALLET;PAGOS17012026.csv
17012026;1210543324;97600;17/01/2026;WALLET;PAGOS17012026.csv
17012026;1210633036;45719;17/01/2026;WALLET;PAGOS17012026.csv
17012026;1224605773;773734;17/01/2026;WALLET;PAGOS17012026.csv
17012026;1224460638;893249;17/01/2026;WALLET;PAGOS17012026.csv
17012026;1201845551;129900;17/01/2026;WALLET;PAGOS17012026.csv
17012026;1224611524;51200;17/01/2026;WALLET;PAGOS17012026.csv
17012026;1224306749;3612800;17/01/2026;WALLET;PAGOS17012026.csv
17012026;1210529303;147648;17/01/2026;WALLET;PAGOS17012026.csv
17012026;1200990015;130900;17/01/2026;WALLET;PAGOS17012026.csv
17012026;1210529303;773116;17/01/2026;WALLET;PAGOS17012026.csv
17012026;1224810942;991000;17/01/2026;WALLET;PAGOS17012026.csv
17012026;1210536905;391056;17/01/2026;WALLET;PAGOS17012026.csv
17012026;1210074378;392000;17/01/2026;WALLET;PAGOS17012026.csv
17012026;1200419631;320251;17/01/2026;WALLET;PAGOS17012026.csv
17012026;1224625112;345000;17/01/2026;WALLET;PAGOS17012026.csv
17012026;1224563298;222300;17/01/2026;WALLET;PAGOS17012026.csv
17012026;1224666792;198000;17/01/2026;WALLET;PAGOS17012026.csv
17012026;1224421484;1289950;17/01/2026;WALLET;PAGOS17012026.csv
17012026;1224428208;844296;17/01/2026;WALLET;PAGOS17012026.csv
17012026;1224517821;121461;17/01/2026;WALLET;PAGOS17012026.csv
17012026;1210275162;359000;17/01/2026;WALLET;PAGOS17012026.csv
17012026;1205101082;1524854;17/01/2026;WALLET;PAGOS17012026.csv
17012026;1210484971;3263792;17/01/2026;WALLET;PAGOS17012026.csv
17012026;1224623885;998482;17/01/2026;WALLET;PAGOS17012026.csv
17012026;1224077600;547352;17/01/2026;WALLET;PAGOS17012026.csv
17012026;1210744272;1024000;17/01/2026;WALLET;PAGOS17012026.csv
17012026;1224508213;817900;17/01/2026;WALLET;PAGOS17012026.csv
17012026;1210744272;184000;17/01/2026;WALLET;PAGOS17012026.csv
17012026;1210589678;877935;17/01/2026;TRANSFERENCIA;PAGOS17012026.csv
17012026;1224128019;3545931;17/01/2026;TRANSFERENCIA;PAGOS17012026.csv
17012026;1224315869;503700;17/01/2026;TRANSFERENCIA;PAGOS17012026.csv
17012026;1201002988;637900;17/01/2026;CONSIGNACIÓN;PAGOS17012026.csv
17012026;1210615268;298000;17/01/2026;CONSIGNACIÓN;PAGOS17012026.csv
17012026;1224439061;1079400;17/01/2026;CONSIGNACIÓN;PAGOS17012026.csv
17012026;1210569888;453800;17/01/2026;CONSIGNACIÓN;PAGOS17012026.csv
17012026;1205008512;230000;17/01/2026;CONSIGNACIÓN;PAGOS17012026.csv
17012026;1224400739;2783510;17/01/2026;CONSIGNACIÓN;PAGOS17012026.csv
17012026;1224073786;1860300;17/01/2026;CONSIGNACIÓN;PAGOS17012026.csv
17012026;1224029146;1740498;17/01/2026;CONSIGNACIÓN;PAGOS17012026.csv
17012026;1224567505;285033;17/01/2026;CONSIGNACIÓN;PAGOS17012026.csv
17012026;1201264756;148500;17/01/2026;CONSIGNACIÓN;PAGOS17012026.csv
17012026;1200517017;978318;17/01/2026;CONSIGNACIÓN;PAGOS17012026.csv
17012026;1224217606;113500;17/01/2026;CONSIGNACIÓN;PAGOS17012026.csv
17012026;1210422238;165600;17/01/2026;CONSIGNACIÓN;PAGOS17012026.csv
17012026;1202615168;344300;17/01/2026;CONSIGNACIÓN;PAGOS17012026.csv
17012026;1210721617;87000;17/01/2026;CONSIGNACIÓN;PAGOS17012026.csv
17012026;1224301960;187463;17/01/2026;CONSIGNACIÓN;PAGOS17012026.csv
17012026;1200505498;147600;17/01/2026;CONSIGNACIÓN;PAGOS17012026.csv
17012026;1201870483;3094000;17/01/2026;CONSIGNACIÓN;PAGOS17012026.csv
17012026;1200759251;2310100;17/01/2026;CONSIGNACIÓN;PAGOS17012026.csv
17012026;1210202967;101200;17/01/2026;CONSIGNACIÓN;PAGOS17012026.csv
17012026;1210202967;85700;17/01/2026;CONSIGNACIÓN;PAGOS17012026.csv
17012026;1224174153;1807000;17/01/2026;CONSIGNACIÓN;PAGOS17012026.csv
17012026;1210508255;1998774;17/01/2026;CONSIGNACIÓN;PAGOS17012026.csv
17012026;1224641708;1049131;17/01/2026;CONSIGNACIÓN;PAGOS17012026.csv
17012026;1210469068;961500;17/01/2026;CONSIGNACIÓN;PAGOS17012026.csv
17012026;1210737917;237900;17/01/2026;CONSIGNACIÓN;PAGOS17012026.csv
17012026;1210049188;203900;17/01/2026;CONSIGNACIÓN;PAGOS17012026.csv
17012026;1224413499;336000;17/01/2026;CONSIGNACIÓN;PAGOS17012026.csv
17012026;1210707249;124500;17/01/2026;CONSIGNACIÓN;PAGOS17012026.csv
17012026;1210425938;937981;17/01/2026;CONSIGNACIÓN;PAGOS17012026.csv
17012026;1210181153;187700;17/01/2026;CONSIGNACIÓN;PAGOS17012026.csv
17012026;1200804583;1287900;17/01/2026;CONSIGNACIÓN;PAGOS17012026.csv
17012026;1200367612;408750;17/01/2026;CONSIGNACIÓN;PAGOS17012026.csv
17012026;1224472956;1635200;17/01/2026;CONSIGNACIÓN;PAGOS17012026.csv
17012026;1224585560;994600;17/01/2026;CONSIGNACIÓN;PAGOS17012026.csv
17012026;1201918905;173887;17/01/2026;CONSIGNACIÓN;PAGOS17012026.csv
17012026;1224755464;440200;17/01/2026;CONSIGNACIÓN;PAGOS17012026.csv
17012026;1224162006;760295;17/01/2026;CONSIGNACIÓN;PAGOS17012026.csv
17012026;1224752302;899906;17/01/2026;CONSIGNACIÓN;PAGOS17012026.csv
17012026;1224383260;382826;17/01/2026;CONSIGNACIÓN;PAGOS17012026.csv
17012026;1224331573;779400;17/01/2026;CONSIGNACIÓN;PAGOS17012026.csv
17012026;1224162006;150766;17/01/2026;CONSIGNACIÓN;PAGOS17012026.csv
17012026;1224346034;608400;17/01/2026;CONSIGNACIÓN;PAGOS17012026.csv
17012026;1202263735;627066;17/01/2026;CONSIGNACIÓN;PAGOS17012026.csv
17012026;1210447490;241000;17/01/2026;CONSIGNACIÓN;PAGOS17012026.csv
17012026;1224152323;1656800;17/01/2026;CONSIGNACIÓN;PAGOS17012026.csv
17012026;1200518507;416272;17/01/2026;CONSIGNACIÓN;PAGOS17012026.csv
17012026;1201272753;697984;17/01/2026;CONSIGNACIÓN;PAGOS17012026.csv
17012026;1200543500;1192400;17/01/2026;CONSIGNACIÓN;PAGOS17012026.csv
17012026;1200529010;376500;17/01/2026;CONSIGNACIÓN;PAGOS17012026.csv
17012026;1200529010;29015;17/01/2026;CONSIGNACIÓN;PAGOS17012026.csv
17012026;1224022528;2000000;17/01/2026;CONSIGNACIÓN;PAGOS17012026.csv
17012026;1224022528;500000;17/01/2026;CONSIGNACIÓN;PAGOS17012026.csv
17012026;1224022528;500000;17/01/2026;CONSIGNACIÓN;PAGOS17012026.csv
17012026;1202608603;246500;17/01/2026;CONSIGNACIÓN;PAGOS17012026.csv
17012026;1224439061;490200;17/01/2026;CONSIGNACIÓN;PAGOS17012026.csv
17012026;1224420888;499200;17/01/2026;CONSIGNACIÓN;PAGOS17012026.csv
19012026;1224499750;226000;19/01/2026;WALLET;PAGOS19012026.csv
19012026;1224577847;90100;19/01/2026;WALLET;PAGOS19012026.csv
19012026;1224086360;757797;19/01/2026;WALLET;PAGOS19012026.csv
19012026;1224385372;355700;19/01/2026;WALLET;PAGOS19012026.csv
19012026;1202600388;294408;19/01/2026;WALLET;PAGOS19012026.csv
19012026;1224718837;919395;19/01/2026;WALLET;PAGOS19012026.csv
19012026;1200745393;315112;19/01/2026;WALLET;PAGOS19012026.csv
19012026;1224653914;206200;19/01/2026;WALLET;PAGOS19012026.csv
19012026;1224584890;1761950;19/01/2026;WALLET;PAGOS19012026.csv
19012026;1224069991;1169101;19/01/2026;WALLET;PAGOS19012026.csv
19012026;1224422471;258476;19/01/2026;WALLET;PAGOS19012026.csv
19012026;1224211625;2490122;19/01/2026;WALLET;PAGOS19012026.csv
19012026;1210328847;219000;19/01/2026;WALLET;PAGOS19012026.csv
19012026;1224041591;172500;19/01/2026;WALLET;PAGOS19012026.csv
19012026;1224145796;463300;19/01/2026;WALLET;PAGOS19012026.csv
19012026;1224752415;658183;19/01/2026;WALLET;PAGOS19012026.csv
19012026;1224091119;50600;19/01/2026;WALLET;PAGOS19012026.csv
19012026;1224450929;1602987;19/01/2026;WALLET;PAGOS19012026.csv
19012026;1224736541;2401500;19/01/2026;WALLET;PAGOS19012026.csv
19012026;1224100489;349800;19/01/2026;WALLET;PAGOS19012026.csv
19012026;1210614286;812300;19/01/2026;WALLET;PAGOS19012026.csv
19012026;1224023928;243154;19/01/2026;WALLET;PAGOS19012026.csv
19012026;1224524604;443000;19/01/2026;WALLET;PAGOS19012026.csv
19012026;1210321507;65772;19/01/2026;WALLET;PAGOS19012026.csv
19012026;1224666858;707648;19/01/2026;WALLET;PAGOS19012026.csv
19012026;1210237427;94250;19/01/2026;WALLET;PAGOS19012026.csv
19012026;1224165482;298900;19/01/2026;WALLET;PAGOS19012026.csv
19012026;1224504412;510366;19/01/2026;WALLET;PAGOS19012026.csv
19012026;1224252038;699061;19/01/2026;WALLET;PAGOS19012026.csv
19012026;1210554156;201176;19/01/2026;WALLET;PAGOS19012026.csv
19012026;1224351037;511200;19/01/2026;WALLET;PAGOS19012026.csv
19012026;1210519576;440582;19/01/2026;WALLET;PAGOS19012026.csv
19012026;1201399462;1129791;19/01/2026;WALLET;PAGOS19012026.csv
19012026;1210638446;2880000;19/01/2026;WALLET;PAGOS19012026.csv
19012026;1224537118;293853;19/01/2026;WALLET;PAGOS19012026.csv
19012026;1224081362;117600;19/01/2026;WALLET;PAGOS19012026.csv
19012026;1224517821;159037;19/01/2026;WALLET;PAGOS19012026.csv
19012026;1224576081;231850;19/01/2026;WALLET;PAGOS19012026.csv
19012026;1224584522;223850;19/01/2026;WALLET;PAGOS19012026.csv
19012026;1224484707;231800;19/01/2026;WALLET;PAGOS19012026.csv
19012026;1224266074;965500;19/01/2026;WALLET;PAGOS19012026.csv
19012026;1224174045;262650;19/01/2026;WALLET;PAGOS19012026.csv
19012026;1224231835;618726;19/01/2026;WALLET;PAGOS19012026.csv
19012026;1224450079;236300;19/01/2026;WALLET;PAGOS19012026.csv
19012026;1224461940;4115972;19/01/2026;WALLET;PAGOS19012026.csv
19012026;1200199471;140000;19/01/2026;WALLET;PAGOS19012026.csv
19012026;1224385679;136800;19/01/2026;WALLET;PAGOS19012026.csv
19012026;1210360149;1562398;19/01/2026;WALLET;PAGOS19012026.csv
19012026;1224748937;1327738;19/01/2026;WALLET;PAGOS19012026.csv
19012026;1201375185;682500;19/01/2026;WALLET;PAGOS19012026.csv
19012026;1224648261;861290;19/01/2026;WALLET;PAGOS19012026.csv
19012026;1224754798;50400;19/01/2026;WALLET;PAGOS19012026.csv
19012026;1224101099;643900;19/01/2026;WALLET;PAGOS19012026.csv
19012026;1224348634;1317955;19/01/2026;WALLET;PAGOS19012026.csv
19012026;1224242112;974948;19/01/2026;WALLET;PAGOS19012026.csv
19012026;1224090985;998200;19/01/2026;WALLET;PAGOS19012026.csv
19012026;1224090985;828800;19/01/2026;WALLET;PAGOS19012026.csv
19012026;1224740072;826200;19/01/2026;WALLET;PAGOS19012026.csv
19012026;1224053655;181869;19/01/2026;WALLET;PAGOS19012026.csv
19012026;1210592924;119700;19/01/2026;WALLET;PAGOS19012026.csv
19012026;1210198723;153060;19/01/2026;WALLET;PAGOS19012026.csv
19012026;1210563832;201869;19/01/2026;WALLET;PAGOS19012026.csv
19012026;1210627361;225935;19/01/2026;WALLET;PAGOS19012026.csv
19012026;1224040040;191700;19/01/2026;WALLET;PAGOS19012026.csv
19012026;1224381941;1356198;19/01/2026;WALLET;PAGOS19012026.csv
19012026;1201375989;160100;19/01/2026;WALLET;PAGOS19012026.csv
19012026;1224579845;576331;19/01/2026;WALLET;PAGOS19012026.csv
19012026;1224445945;1085900;19/01/2026;WALLET;PAGOS19012026.csv
19012026;1210717711;200000;19/01/2026;WALLET;PAGOS19012026.csv
19012026;1201375989;110520;19/01/2026;WALLET;PAGOS19012026.csv
19012026;1224182517;30000;19/01/2026;WALLET;PAGOS19012026.csv
19012026;1224756982;339600;19/01/2026;WALLET;PAGOS19012026.csv
19012026;1224671273;313676;19/01/2026;WALLET;PAGOS19012026.csv
19012026;1224565004;1401507;19/01/2026;WALLET;PAGOS19012026.csv
19012026;1210458938;223887;19/01/2026;WALLET;PAGOS19012026.csv
19012026;1210253473;270900;19/01/2026;WALLET;PAGOS19012026.csv
19012026;1200522473;679775;19/01/2026;WALLET;PAGOS19012026.csv
19012026;1224734671;488200;19/01/2026;WALLET;PAGOS19012026.csv
19012026;1224605769;534600;19/01/2026;WALLET;PAGOS19012026.csv
19012026;1224734671;431800;19/01/2026;WALLET;PAGOS19012026.csv
19012026;1224582695;7458100;19/01/2026;TRANSFERENCIA;PAGOS19012026.csv
19012026;1210369415;259297;19/01/2026;TRANSFERENCIA;PAGOS19012026.csv
19012026;1210691148;1342500;19/01/2026;TRANSFERENCIA;PAGOS19012026.csv
19012026;1224499944;3315400;19/01/2026;TRANSFERENCIA;PAGOS19012026.csv
19012026;1201535532;453889;19/01/2026;CONSIGNACIÓN;PAGOS19012026.csv
19012026;1201348333;200500;19/01/2026;CONSIGNACIÓN;PAGOS19012026.csv
19012026;1224749461;201581;19/01/2026;CONSIGNACIÓN;PAGOS19012026.csv
19012026;1210323096;155100;19/01/2026;CONSIGNACIÓN;PAGOS19012026.csv
19012026;1224395217;319296;19/01/2026;CONSIGNACIÓN;PAGOS19012026.csv
19012026;1210561390;368350;19/01/2026;CONSIGNACIÓN;PAGOS19012026.csv
19012026;1224573464;376822;19/01/2026;CONSIGNACIÓN;PAGOS19012026.csv
19012026;1224174668;248200;19/01/2026;CONSIGNACIÓN;PAGOS19012026.csv
19012026;1224174668;143700;19/01/2026;CONSIGNACIÓN;PAGOS19012026.csv
19012026;1224483658;1041000;19/01/2026;CONSIGNACIÓN;PAGOS19012026.csv
19012026;1210283551;740221;19/01/2026;CONSIGNACIÓN;PAGOS19012026.csv
19012026;1224174153;561900;19/01/2026;CONSIGNACIÓN;PAGOS19012026.csv
19012026;1224030239;203900;19/01/2026;CONSIGNACIÓN;PAGOS19012026.csv
19012026;1224030239;175100;19/01/2026;CONSIGNACIÓN;PAGOS19012026.csv
19012026;1210613556;256750;19/01/2026;CONSIGNACIÓN;PAGOS19012026.csv
19012026;1210369504;193100;19/01/2026;CONSIGNACIÓN;PAGOS19012026.csv
19012026;1224069308;246700;19/01/2026;CONSIGNACIÓN;PAGOS19012026.csv
19012026;1201920886;475800;19/01/2026;CONSIGNACIÓN;PAGOS19012026.csv
19012026;1224075716;77000;19/01/2026;CONSIGNACIÓN;PAGOS19012026.csv
19012026;1224637870;240700;19/01/2026;CONSIGNACIÓN;PAGOS19012026.csv
19012026;1224075122;70000;19/01/2026;CONSIGNACIÓN;PAGOS19012026.csv
19012026;1210206124;203900;19/01/2026;CONSIGNACIÓN;PAGOS19012026.csv
19012026;1224458359;245950;19/01/2026;CONSIGNACIÓN;PAGOS19012026.csv
19012026;1210357550;517800;19/01/2026;CONSIGNACIÓN;PAGOS19012026.csv
19012026;1210357550;195800;19/01/2026;CONSIGNACIÓN;PAGOS19012026.csv
19012026;1210180334;471630;19/01/2026;CONSIGNACIÓN;PAGOS19012026.csv
19012026;1210618442;137700;19/01/2026;CONSIGNACIÓN;PAGOS19012026.csv
19012026;1224346834;596850;19/01/2026;CONSIGNACIÓN;PAGOS19012026.csv
19012026;1210129095;225495;19/01/2026;CONSIGNACIÓN;PAGOS19012026.csv
19012026;1210638770;193000;19/01/2026;CONSIGNACIÓN;PAGOS19012026.csv
19012026;1210576943;353500;19/01/2026;CONSIGNACIÓN;PAGOS19012026.csv
19012026;1210173571;170000;19/01/2026;CONSIGNACIÓN;PAGOS19012026.csv
19012026;1210173571;120000;19/01/2026;CONSIGNACIÓN;PAGOS19012026.csv
19012026;1224029021;316594;19/01/2026;CONSIGNACIÓN;PAGOS19012026.csv
19012026;1210173571;101840;19/01/2026;CONSIGNACIÓN;PAGOS19012026.csv
19012026;1210498145;757906;19/01/2026;CONSIGNACIÓN;PAGOS19012026.csv
19012026;1224074122;2109244;19/01/2026;CONSIGNACIÓN;PAGOS19012026.csv
19012026;1224604755;100156;19/01/2026;CONSIGNACIÓN;PAGOS19012026.csv
19012026;1210339732;7953740;19/01/2026;CONSIGNACIÓN;PAGOS19012026.csv
19012026;1224486825;2451020;19/01/2026;CONSIGNACIÓN;PAGOS19012026.csv
19012026;1210407932;179695;19/01/2026;CONSIGNACIÓN;PAGOS19012026.csv
19012026;1201063064;411300;19/01/2026;CONSIGNACIÓN;PAGOS19012026.csv
19012026;1210568399;147222;19/01/2026;CONSIGNACIÓN;PAGOS19012026.csv
19012026;1200759251;2000000;19/01/2026;CONSIGNACIÓN;PAGOS19012026.csv
19012026;1224380437;1729500;19/01/2026;CONSIGNACIÓN;PAGOS19012026.csv
19012026;1210737917;263558;19/01/2026;CONSIGNACIÓN;PAGOS19012026.csv
19012026;1224575269;704050;19/01/2026;CONSIGNACIÓN;PAGOS19012026.csv
19012026;1200723872;70900;19/01/2026;CONSIGNACIÓN;PAGOS19012026.csv
19012026;1210156805;277200;19/01/2026;CONSIGNACIÓN;PAGOS19012026.csv
19012026;1201386180;228500;19/01/2026;CONSIGNACIÓN;PAGOS19012026.csv
19012026;1224146385;1732200;19/01/2026;CONSIGNACIÓN;PAGOS19012026.csv
19012026;1201749913;149400;19/01/2026;CONSIGNACIÓN;PAGOS19012026.csv
19012026;1224065696;728026;19/01/2026;CONSIGNACIÓN;PAGOS19012026.csv
19012026;1224065705;148841;19/01/2026;CONSIGNACIÓN;PAGOS19012026.csv
19012026;1224065696;284073;19/01/2026;CONSIGNACIÓN;PAGOS19012026.csv
19012026;1210232115;265224;19/01/2026;CONSIGNACIÓN;PAGOS19012026.csv
19012026;1210232115;1617149;19/01/2026;CONSIGNACIÓN;PAGOS19012026.csv
19012026;1224573927;236087;19/01/2026;CONSIGNACIÓN;PAGOS19012026.csv
19012026;1210466801;71290;19/01/2026;CONSIGNACIÓN;PAGOS19012026.csv
19012026;1224296329;315100;19/01/2026;CONSIGNACIÓN;PAGOS19012026.csv
19012026;1210135249;52800;19/01/2026;CONSIGNACIÓN;PAGOS19012026.csv
19012026;1210135249;9359;19/01/2026;CONSIGNACIÓN;PAGOS19012026.csv
19012026;1210135249;90800;19/01/2026;CONSIGNACIÓN;PAGOS19012026.csv
19012026;1224358753;503100;19/01/2026;CONSIGNACIÓN;PAGOS19012026.csv
19012026;1224735156;1262219;19/01/2026;CONSIGNACIÓN;PAGOS19012026.csv
19012026;1224253400;650135;19/01/2026;CONSIGNACIÓN;PAGOS19012026.csv
19012026;1224531967;217100;19/01/2026;CONSIGNACIÓN;PAGOS19012026.csv
19012026;1201873058;242600;19/01/2026;CONSIGNACIÓN;PAGOS19012026.csv
19012026;1201261562;992500;19/01/2026;CONSIGNACIÓN;PAGOS19012026.csv
19012026;1201379867;360755;19/01/2026;CONSIGNACIÓN;PAGOS19012026.csv
19012026;1200514811;837934;19/01/2026;CONSIGNACIÓN;PAGOS19012026.csv
19012026;1224099844;69450;19/01/2026;CONSIGNACIÓN;PAGOS19012026.csv
19012026;1224216179;421200;19/01/2026;CONSIGNACIÓN;PAGOS19012026.csv
19012026;1200511638;219099;19/01/2026;CONSIGNACIÓN;PAGOS19012026.csv
19012026;1224152121;1919658;19/01/2026;CONSIGNACIÓN;PAGOS19012026.csv
19012026;1200297512;267109;19/01/2026;CONSIGNACIÓN;PAGOS19012026.csv
19012026;1224415805;1400700;19/01/2026;CONSIGNACIÓN;PAGOS19012026.csv
19012026;1210571044;659700;19/01/2026;CONSIGNACIÓN;PAGOS19012026.csv
19012026;1224544501;341850;19/01/2026;CONSIGNACIÓN;PAGOS19012026.csv
19012026;1200670517;1427884;19/01/2026;CONSIGNACIÓN;PAGOS19012026.csv
19012026;1224043174;251800;19/01/2026;CONSIGNACIÓN;PAGOS19012026.csv
19012026;1224175216;90500;19/01/2026;CONSIGNACIÓN;PAGOS19012026.csv
19012026;1201808659;122900;19/01/2026;CONSIGNACIÓN;PAGOS19012026.csv
19012026;1224574936;816772;19/01/2026;CONSIGNACIÓN;PAGOS19012026.csv
19012026;1224415805;1400700;19/01/2026;CONSIGNACIÓN;PAGOS19012026.csv
19012026;1224439061;737900;19/01/2026;CONSIGNACIÓN;PAGOS19012026.csv
19012026;1202608894;569400;19/01/2026;CONSIGNACIÓN;PAGOS19012026.csv
19012026;1224017642;584000;19/01/2026;CONSIGNACIÓN;PAGOS19012026.csv
19012026;1210433476;627130;19/01/2026;CONSIGNACIÓN;PAGOS19012026.csv
19012026;1200312771;894552;19/01/2026;CONSIGNACIÓN;PAGOS19012026.csv
19012026;1200548593;645850;19/01/2026;CONSIGNACIÓN;PAGOS19012026.csv
19012026;1201749592;325497;19/01/2026;CONSIGNACIÓN;PAGOS19012026.csv
19012026;1224654272;640135;19/01/2026;CONSIGNACIÓN;PAGOS19012026.csv
19012026;1224693237;297000;19/01/2026;CONSIGNACIÓN;PAGOS19012026.csv
19012026;1224019311;188063;19/01/2026;CONSIGNACIÓN;PAGOS19012026.csv
19012026;1224019311;170892;19/01/2026;CONSIGNACIÓN;PAGOS19012026.csv
19012026;1210498001;130754;19/01/2026;CONSIGNACIÓN;PAGOS19012026.csv
19012026;1224019311;115100;19/01/2026;CONSIGNACIÓN;PAGOS19012026.csv
19012026;1210408646;60000;19/01/2026;CONSIGNACIÓN;PAGOS19012026.csv
19012026;1224703804;508571;19/01/2026;CONSIGNACIÓN;PAGOS19012026.csv
19012026;1224492968;375350;19/01/2026;CONSIGNACIÓN;PAGOS19012026.csv
19012026;1224104844;111650;19/01/2026;CONSIGNACIÓN;PAGOS19012026.csv
19012026;1224084755;662979;19/01/2026;CONSIGNACIÓN;PAGOS19012026.csv
19012026;1224157463;51742;19/01/2026;CONSIGNACIÓN;PAGOS19012026.csv
19012026;1210569840;1200000;19/01/2026;CONSIGNACIÓN;PAGOS19012026.csv
19012026;1224493384;385100;19/01/2026;CONSIGNACIÓN;PAGOS19012026.csv
19012026;1210569840;1009000;19/01/2026;CONSIGNACIÓN;PAGOS19012026.csv
19012026;1201002988;491251;19/01/2026;CONSIGNACIÓN;PAGOS19012026.csv
19012026;1210258423;1061592;19/01/2026;CONSIGNACIÓN;PAGOS19012026.csv
19012026;1210080294;404400;19/01/2026;CONSIGNACIÓN;PAGOS19012026.csv
19012026;1224482226;452900;19/01/2026;CONSIGNACIÓN;PAGOS19012026.csv
19012026;1201687085;180000;19/01/2026;CONSIGNACIÓN;PAGOS19012026.csv
19012026;1224242031;312365;19/01/2026;CONSIGNACIÓN;PAGOS19012026.csv
19012026;1224665242;825000;19/01/2026;CONSIGNACIÓN;PAGOS19012026.csv
19012026;1210642644;450500;19/01/2026;CONSIGNACIÓN;PAGOS19012026.csv
19012026;1224067748;750200;19/01/2026;CONSIGNACIÓN;PAGOS19012026.csv
19012026;1210614430;773400;19/01/2026;CONSIGNACIÓN;PAGOS19012026.csv
19012026;1210523335;1974418;19/01/2026;CONSIGNACIÓN;PAGOS19012026.csv
20012026;1224385372;183800;20/01/2026;WALLET;PAGOS20012026.csv
20012026;1202606268;107500;20/01/2026;WALLET;PAGOS20012026.csv
20012026;1224584833;743600;20/01/2026;WALLET;PAGOS20012026.csv
20012026;1210744272;1024000;20/01/2026;WALLET;PAGOS20012026.csv
20012026;1224737470;714447;20/01/2026;WALLET;PAGOS20012026.csv
20012026;1224577847;82200;20/01/2026;WALLET;PAGOS20012026.csv
20012026;1224577847;59600;20/01/2026;WALLET;PAGOS20012026.csv
20012026;1224482276;1256600;20/01/2026;WALLET;PAGOS20012026.csv
20012026;1210722931;4468198;20/01/2026;WALLET;PAGOS20012026.csv
20012026;1201682490;1081147;20/01/2026;WALLET;PAGOS20012026.csv
20012026;1210644570;220500;20/01/2026;WALLET;PAGOS20012026.csv
20012026;1224322002;3700541;20/01/2026;WALLET;PAGOS20012026.csv
20012026;1202609947;1421472;20/01/2026;WALLET;PAGOS20012026.csv
20012026;1224713037;165200;20/01/2026;WALLET;PAGOS20012026.csv
20012026;1224386084;1259076;20/01/2026;WALLET;PAGOS20012026.csv
20012026;1205306710;557600;20/01/2026;WALLET;PAGOS20012026.csv
20012026;1224452430;992000;20/01/2026;WALLET;PAGOS20012026.csv
20012026;1210233626;129300;20/01/2026;WALLET;PAGOS20012026.csv
20012026;1210556345;94109;20/01/2026;WALLET;PAGOS20012026.csv
20012026;1224039317;199962;20/01/2026;WALLET;PAGOS20012026.csv
20012026;1224627510;364900;20/01/2026;WALLET;PAGOS20012026.csv
20012026;1210515812;225600;20/01/2026;WALLET;PAGOS20012026.csv
20012026;1224649085;723753;20/01/2026;WALLET;PAGOS20012026.csv
20012026;1210490265;80000;20/01/2026;WALLET;PAGOS20012026.csv
20012026;1224432237;984000;20/01/2026;WALLET;PAGOS20012026.csv
20012026;1224069097;3800000;20/01/2026;WALLET;PAGOS20012026.csv
20012026;1210549478;774012;20/01/2026;WALLET;PAGOS20012026.csv
20012026;1224103293;484500;20/01/2026;WALLET;PAGOS20012026.csv
20012026;1210119255;229200;20/01/2026;WALLET;PAGOS20012026.csv
20012026;1224466436;184050;20/01/2026;WALLET;PAGOS20012026.csv
20012026;1224477773;592700;20/01/2026;WALLET;PAGOS20012026.csv
20012026;1224410849;538575;20/01/2026;WALLET;PAGOS20012026.csv
20012026;1210569888;205913;20/01/2026;WALLET;PAGOS20012026.csv
20012026;1201349305;150500;20/01/2026;WALLET;PAGOS20012026.csv
20012026;1210287874;376558;20/01/2026;WALLET;PAGOS20012026.csv
20012026;1224677915;180000;20/01/2026;WALLET;PAGOS20012026.csv
20012026;1224635054;1237676;20/01/2026;WALLET;PAGOS20012026.csv
20012026;1224411512;582053;20/01/2026;WALLET;PAGOS20012026.csv
20012026;1224477347;210600;20/01/2026;WALLET;PAGOS20012026.csv
20012026;1224548290;340321;20/01/2026;WALLET;PAGOS20012026.csv
20012026;1224421918;1550800;20/01/2026;WALLET;PAGOS20012026.csv
20012026;1224204776;999600;20/01/2026;WALLET;PAGOS20012026.csv
20012026;1202600605;153380;20/01/2026;WALLET;PAGOS20012026.csv
20012026;1224734421;324100;20/01/2026;WALLET;PAGOS20012026.csv
20012026;1201870503;205800;20/01/2026;WALLET;PAGOS20012026.csv
20012026;1224122450;258000;20/01/2026;WALLET;PAGOS20012026.csv
20012026;1224645155;1402617;20/01/2026;WALLET;PAGOS20012026.csv
20012026;1224165482;443200;20/01/2026;WALLET;PAGOS20012026.csv
20012026;1224358592;141550;20/01/2026;WALLET;PAGOS20012026.csv
20012026;1224607763;1325240;20/01/2026;WALLET;PAGOS20012026.csv
20012026;1224617949;1919414;20/01/2026;WALLET;PAGOS20012026.csv
20012026;1224531503;456100;20/01/2026;WALLET;PAGOS20012026.csv
20012026;1224090985;941900;20/01/2026;WALLET;PAGOS20012026.csv
20012026;1224206306;1144700;20/01/2026;WALLET;PAGOS20012026.csv
20012026;1201680258;229665;20/01/2026;WALLET;PAGOS20012026.csv
20012026;1224442007;472996;20/01/2026;WALLET;PAGOS20012026.csv
20012026;1224644762;1402262;20/01/2026;WALLET;PAGOS20012026.csv
20012026;1201425518;339638;20/01/2026;WALLET;PAGOS20012026.csv
20012026;1224443248;99700;20/01/2026;WALLET;PAGOS20012026.csv
20012026;1224349881;1254400;20/01/2026;WALLET;PAGOS20012026.csv
20012026;1224590905;2272200;20/01/2026;WALLET;PAGOS20012026.csv
20012026;1224613198;1745800;20/01/2026;WALLET;PAGOS20012026.csv
20012026;1210691227;3676338;20/01/2026;WALLET;PAGOS20012026.csv
20012026;1210720119;163600;20/01/2026;WALLET;PAGOS20012026.csv
20012026;1224810880;1034797;20/01/2026;WALLET;PAGOS20012026.csv
20012026;1224424312;81089;20/01/2026;WALLET;PAGOS20012026.csv
20012026;1224810694;2898833;20/01/2026;WALLET;PAGOS20012026.csv
20012026;1224398047;364500;20/01/2026;TRANSFERENCIA;PAGOS20012026.csv
20012026;1224639808;50400;20/01/2026;TRANSFERENCIA;PAGOS20012026.csv
20012026;1202612502;751400;20/01/2026;TRANSFERENCIA;PAGOS20012026.csv
20012026;1210369415;88536;20/01/2026;TRANSFERENCIA;PAGOS20012026.csv
20012026;1210666005;251000;20/01/2026;TRANSFERENCIA;PAGOS20012026.csv
20012026;1224204344;2151599;20/01/2026;CONSIGNACIÓN;PAGOS20012026.csv
20012026;1224176214;928500;20/01/2026;CONSIGNACIÓN;PAGOS20012026.csv
20012026;1210474991;261800;20/01/2026;CONSIGNACIÓN;PAGOS20012026.csv
20012026;1224654670;411229;20/01/2026;CONSIGNACIÓN;PAGOS20012026.csv
20012026;1224721225;2666119;20/01/2026;CONSIGNACIÓN;PAGOS20012026.csv
20012026;1224219932;477000;20/01/2026;CONSIGNACIÓN;PAGOS20012026.csv
20012026;1224219932;82100;20/01/2026;CONSIGNACIÓN;PAGOS20012026.csv
20012026;1210173571;276827;20/01/2026;CONSIGNACIÓN;PAGOS20012026.csv
20012026;1205008512;241700;20/01/2026;CONSIGNACIÓN;PAGOS20012026.csv
20012026;1224066464;189800;20/01/2026;CONSIGNACIÓN;PAGOS20012026.csv
20012026;1224322705;455000;20/01/2026;CONSIGNACIÓN;PAGOS20012026.csv
20012026;1202610622;212700;20/01/2026;CONSIGNACIÓN;PAGOS20012026.csv
20012026;1201539881;170500;20/01/2026;CONSIGNACIÓN;PAGOS20012026.csv
20012026;1201539881;105000;20/01/2026;CONSIGNACIÓN;PAGOS20012026.csv
20012026;1201539881;118800;20/01/2026;CONSIGNACIÓN;PAGOS20012026.csv
20012026;1224124095;218860;20/01/2026;CONSIGNACIÓN;PAGOS20012026.csv
20012026;1210183402;54151;20/01/2026;CONSIGNACIÓN;PAGOS20012026.csv
20012026;1224124095;194940;20/01/2026;CONSIGNACIÓN;PAGOS20012026.csv
20012026;1224232883;5362036;20/01/2026;CONSIGNACIÓN;PAGOS20012026.csv
20012026;1210152173;427900;20/01/2026;CONSIGNACIÓN;PAGOS20012026.csv
20012026;1224522999;223200;20/01/2026;CONSIGNACIÓN;PAGOS20012026.csv
20012026;1201810806;90000;20/01/2026;CONSIGNACIÓN;PAGOS20012026.csv
20012026;1224459462;364800;20/01/2026;CONSIGNACIÓN;PAGOS20012026.csv
20012026;1200610916;277700;20/01/2026;CONSIGNACIÓN;PAGOS20012026.csv
20012026;1224196436;507578;20/01/2026;CONSIGNACIÓN;PAGOS20012026.csv
20012026;1210183402;52660;20/01/2026;CONSIGNACIÓN;PAGOS20012026.csv
20012026;1201683572;194894;20/01/2026;CONSIGNACIÓN;PAGOS20012026.csv
20012026;1224012461;367600;20/01/2026;CONSIGNACIÓN;PAGOS20012026.csv
20012026;1224448567;4452000;20/01/2026;CONSIGNACIÓN;PAGOS20012026.csv
20012026;1224086194;278031;20/01/2026;CONSIGNACIÓN;PAGOS20012026.csv
20012026;1210024158;247500;20/01/2026;CONSIGNACIÓN;PAGOS20012026.csv
20012026;1210024158;43020;20/01/2026;CONSIGNACIÓN;PAGOS20012026.csv
20012026;1210425938;961164;20/01/2026;CONSIGNACIÓN;PAGOS20012026.csv
20012026;1210196936;328500;20/01/2026;CONSIGNACIÓN;PAGOS20012026.csv
20012026;1210317064;360421;20/01/2026;CONSIGNACIÓN;PAGOS20012026.csv
20012026;1224536644;935910;20/01/2026;CONSIGNACIÓN;PAGOS20012026.csv
20012026;1224376839;277500;20/01/2026;CONSIGNACIÓN;PAGOS20012026.csv
20012026;1200600543;497688;20/01/2026;CONSIGNACIÓN;PAGOS20012026.csv
20012026;1210023993;4327300;20/01/2026;CONSIGNACIÓN;PAGOS20012026.csv
20012026;1224032541;123000;20/01/2026;CONSIGNACIÓN;PAGOS20012026.csv
20012026;1224032541;59999;20/01/2026;CONSIGNACIÓN;PAGOS20012026.csv
20012026;1224252381;772300;20/01/2026;CONSIGNACIÓN;PAGOS20012026.csv
20012026;1205100568;414300;20/01/2026;CONSIGNACIÓN;PAGOS20012026.csv
20012026;1201272753;239295;20/01/2026;CONSIGNACIÓN;PAGOS20012026.csv
20012026;1210744083;329000;20/01/2026;CONSIGNACIÓN;PAGOS20012026.csv
20012026;1210744083;210852;20/01/2026;CONSIGNACIÓN;PAGOS20012026.csv
20012026;1224628741;524000;20/01/2026;CONSIGNACIÓN;PAGOS20012026.csv
20012026;1210464622;79015;20/01/2026;CONSIGNACIÓN;PAGOS20012026.csv
20012026;1210386154;41400;20/01/2026;CONSIGNACIÓN;PAGOS20012026.csv
20012026;1210386154;27625;20/01/2026;CONSIGNACIÓN;PAGOS20012026.csv
20012026;1210154479;144380;20/01/2026;CONSIGNACIÓN;PAGOS20012026.csv
20012026;1210584618;1174700;20/01/2026;CONSIGNACIÓN;PAGOS20012026.csv
20012026;1210425938;1090641;20/01/2026;CONSIGNACIÓN;PAGOS20012026.csv
20012026;1224251568;200000;20/01/2026;CONSIGNACIÓN;PAGOS20012026.csv
20012026;1224251568;200000;20/01/2026;CONSIGNACIÓN;PAGOS20012026.csv
20012026;1210386154;146000;20/01/2026;CONSIGNACIÓN;PAGOS20012026.csv
20012026;1210433476;89100;20/01/2026;CONSIGNACIÓN;PAGOS20012026.csv
20012026;1224387665;457134;20/01/2026;CONSIGNACIÓN;PAGOS20012026.csv
20012026;1210072821;112661;20/01/2026;CONSIGNACIÓN;PAGOS20012026.csv
20012026;1224486825;1746909;20/01/2026;CONSIGNACIÓN;PAGOS20012026.csv
20012026;1210619539;1951328;20/01/2026;CONSIGNACIÓN;PAGOS20012026.csv
20012026;1205004677;1503635;20/01/2026;CONSIGNACIÓN;PAGOS20012026.csv
20012026;1200570192;1343621;20/01/2026;CONSIGNACIÓN;PAGOS20012026.csv
20012026;1224069349;1173100;20/01/2026;CONSIGNACIÓN;PAGOS20012026.csv
20012026;1201802197;663500;20/01/2026;CONSIGNACIÓN;PAGOS20012026.csv
20012026;1224327521;660000;20/01/2026;CONSIGNACIÓN;PAGOS20012026.csv
20012026;1224159342;617550;20/01/2026;CONSIGNACIÓN;PAGOS20012026.csv
20012026;1224048956;532000;20/01/2026;CONSIGNACIÓN;PAGOS20012026.csv
20012026;1224087633;417299;20/01/2026;CONSIGNACIÓN;PAGOS20012026.csv
20012026;1224237819;382667;20/01/2026;CONSIGNACIÓN;PAGOS20012026.csv
20012026;1200647383;347700;20/01/2026;CONSIGNACIÓN;PAGOS20012026.csv
20012026;1210270679;216700;20/01/2026;CONSIGNACIÓN;PAGOS20012026.csv
20012026;1224214196;175600;20/01/2026;CONSIGNACIÓN;PAGOS20012026.csv
20012026;1200014272;169231;20/01/2026;CONSIGNACIÓN;PAGOS20012026.csv
20012026;1224185672;152400;20/01/2026;CONSIGNACIÓN;PAGOS20012026.csv
20012026;1210700846;142500;20/01/2026;CONSIGNACIÓN;PAGOS20012026.csv
20012026;1224489927;97500;20/01/2026;CONSIGNACIÓN;PAGOS20012026.csv
20012026;1200014272;90000;20/01/2026;CONSIGNACIÓN;PAGOS20012026.csv
20012026;1200014272;74000;20/01/2026;CONSIGNACIÓN;PAGOS20012026.csv
20012026;1210513012;27232;20/01/2026;CONSIGNACIÓN;PAGOS20012026.csv
20012026;1224312415;414000;20/01/2026;CONSIGNACIÓN;PAGOS20012026.csv
20012026;1224312415;400300;20/01/2026;CONSIGNACIÓN;PAGOS20012026.csv
20012026;1224142148;1470000;20/01/2026;CONSIGNACIÓN;PAGOS20012026.csv
20012026;1224501819;551903;20/01/2026;CONSIGNACIÓN;PAGOS20012026.csv
20012026;1224668880;288300;20/01/2026;CONSIGNACIÓN;PAGOS20012026.csv
20012026;1202600614;712400;20/01/2026;CONSIGNACIÓN;PAGOS20012026.csv
20012026;1224038440;409732;20/01/2026;CONSIGNACIÓN;PAGOS20012026.csv
20012026;1200572849;562680;20/01/2026;CONSIGNACIÓN;PAGOS20012026.csv
20012026;1224449268;315600;20/01/2026;CONSIGNACIÓN;PAGOS20012026.csv
20012026;1210625375;952000;20/01/2026;CONSIGNACIÓN;PAGOS20012026.csv
20012026;1224058693;726400;20/01/2026;CONSIGNACIÓN;PAGOS20012026.csv
21012026;1210550896;991900;21/01/2026;WALLET;PAGOS21012026.csv
21012026;1210226875;125980;21/01/2026;WALLET;PAGOS21012026.csv
21012026;1224065524;538605;21/01/2026;WALLET;PAGOS21012026.csv
21012026;1224095228;418685;21/01/2026;WALLET;PAGOS21012026.csv
21012026;1224377214;2729300;21/01/2026;WALLET;PAGOS21012026.csv
21012026;1224639683;1124843;21/01/2026;WALLET;PAGOS21012026.csv
21012026;1200779345;110000;21/01/2026;WALLET;PAGOS21012026.csv
21012026;1224518099;999644;21/01/2026;WALLET;PAGOS21012026.csv
21012026;1210253473;482700;21/01/2026;WALLET;PAGOS21012026.csv
21012026;1224022612;50220;21/01/2026;WALLET;PAGOS21012026.csv
21012026;1224621907;128800;21/01/2026;WALLET;PAGOS21012026.csv
21012026;1201531594;726984;21/01/2026;WALLET;PAGOS21012026.csv
21012026;1200990015;90000;21/01/2026;WALLET;PAGOS21012026.csv
21012026;1210614364;156600;21/01/2026;WALLET;PAGOS21012026.csv
21012026;1224126029;62016;21/01/2026;WALLET;PAGOS21012026.csv
21012026;1224243473;82600;21/01/2026;WALLET;PAGOS21012026.csv
21012026;1224152127;982600;21/01/2026;WALLET;PAGOS21012026.csv
21012026;1210718042;239286;21/01/2026;WALLET;PAGOS21012026.csv
21012026;1224769845;127300;21/01/2026;WALLET;PAGOS21012026.csv
21012026;1224522508;420008;21/01/2026;WALLET;PAGOS21012026.csv
21012026;1224769787;66000;21/01/2026;WALLET;PAGOS21012026.csv
21012026;1224305732;989271;21/01/2026;WALLET;PAGOS21012026.csv
21012026;1210660729;166361;21/01/2026;WALLET;PAGOS21012026.csv
21012026;1224476219;125000;21/01/2026;WALLET;PAGOS21012026.csv
21012026;1224532918;1990800;21/01/2026;WALLET;PAGOS21012026.csv
21012026;1201365094;150609;21/01/2026;WALLET;PAGOS21012026.csv
21012026;1224242112;55704;21/01/2026;WALLET;PAGOS21012026.csv
21012026;1224205143;294962;21/01/2026;WALLET;PAGOS21012026.csv
21012026;1224419902;145821;21/01/2026;WALLET;PAGOS21012026.csv
21012026;1210337673;5551500;21/01/2026;WALLET;PAGOS21012026.csv
21012026;1210536905;187992;21/01/2026;WALLET;PAGOS21012026.csv
21012026;1224484707;159250;21/01/2026;WALLET;PAGOS21012026.csv
21012026;1210581390;238900;21/01/2026;WALLET;PAGOS21012026.csv
21012026;1224450079;283785;21/01/2026;WALLET;PAGOS21012026.csv
21012026;1224445945;2101896;21/01/2026;WALLET;PAGOS21012026.csv
21012026;1224416372;1238800;21/01/2026;WALLET;PAGOS21012026.csv
21012026;1210251817;2212598;21/01/2026;WALLET;PAGOS21012026.csv
21012026;1200748676;1041386;21/01/2026;WALLET;PAGOS21012026.csv
21012026;1224298729;491825;21/01/2026;WALLET;PAGOS21012026.csv
21012026;1224245069;117600;21/01/2026;WALLET;PAGOS21012026.csv
21012026;1224229668;1539500;21/01/2026;WALLET;PAGOS21012026.csv
21012026;1201365094;52915;21/01/2026;WALLET;PAGOS21012026.csv
21012026;1224788040;475371;21/01/2026;WALLET;PAGOS21012026.csv
21012026;1210481206;2297000;21/01/2026;WALLET;PAGOS21012026.csv
21012026;1224640223;1326865;21/01/2026;WALLET;PAGOS21012026.csv
21012026;1224548826;314600;21/01/2026;WALLET;PAGOS21012026.csv
21012026;1224281489;1682581;21/01/2026;WALLET;PAGOS21012026.csv
21012026;1224588345;296400;21/01/2026;TRANSFERENCIA;PAGOS21012026.csv
21012026;1200323095;406900;21/01/2026;TRANSFERENCIA;PAGOS21012026.csv
21012026;1210539627;303300;21/01/2026;CONSIGNACIÓN;PAGOS21012026.csv
21012026;1224029439;228799;21/01/2026;CONSIGNACIÓN;PAGOS21012026.csv
21012026;1201365896;145100;21/01/2026;CONSIGNACIÓN;PAGOS21012026.csv
21012026;1224205667;87600;21/01/2026;CONSIGNACIÓN;PAGOS21012026.csv
21012026;1200548073;1178267;21/01/2026;CONSIGNACIÓN;PAGOS21012026.csv
21012026;1200563632;315000;21/01/2026;CONSIGNACIÓN;PAGOS21012026.csv
21012026;1202600614;396850;21/01/2026;CONSIGNACIÓN;PAGOS21012026.csv
21012026;1200518507;453900;21/01/2026;CONSIGNACIÓN;PAGOS21012026.csv
21012026;1201873058;476500;21/01/2026;CONSIGNACIÓN;PAGOS21012026.csv
21012026;1210662257;207550;21/01/2026;CONSIGNACIÓN;PAGOS21012026.csv
21012026;1210622335;400700;21/01/2026;CONSIGNACIÓN;PAGOS21012026.csv
21012026;1224248533;648900;21/01/2026;CONSIGNACIÓN;PAGOS21012026.csv
21012026;1210195317;552000;21/01/2026;CONSIGNACIÓN;PAGOS21012026.csv
21012026;1201444477;387423;21/01/2026;CONSIGNACIÓN;PAGOS21012026.csv
21012026;1224537284;264400;21/01/2026;CONSIGNACIÓN;PAGOS21012026.csv
21012026;1224001100;269700;21/01/2026;CONSIGNACIÓN;PAGOS21012026.csv
21012026;1224695273;182740;21/01/2026;CONSIGNACIÓN;PAGOS21012026.csv
21012026;1224106565;1799851;21/01/2026;CONSIGNACIÓN;PAGOS21012026.csv
21012026;1224707736;599600;21/01/2026;CONSIGNACIÓN;PAGOS21012026.csv
21012026;1224396454;5785288;21/01/2026;CONSIGNACIÓN;PAGOS21012026.csv
21012026;1224197278;454600;21/01/2026;CONSIGNACIÓN;PAGOS21012026.csv
21012026;1210613340;2800000;21/01/2026;CONSIGNACIÓN;PAGOS21012026.csv
21012026;1210613340;1800000;21/01/2026;CONSIGNACIÓN;PAGOS21012026.csv
21012026;1201866770;889827;21/01/2026;CONSIGNACIÓN;PAGOS21012026.csv
21012026;1210196936;108500;21/01/2026;CONSIGNACIÓN;PAGOS21012026.csv
21012026;1224121560;1072300;21/01/2026;CONSIGNACIÓN;PAGOS21012026.csv
21012026;1210283551;645735;21/01/2026;CONSIGNACIÓN;PAGOS21012026.csv
21012026;1224038440;4527989;21/01/2026;CONSIGNACIÓN;PAGOS21012026.csv
21012026;1210622695;55824;21/01/2026;CONSIGNACIÓN;PAGOS21012026.csv
21012026;1200802589;4497239;21/01/2026;CONSIGNACIÓN;PAGOS21012026.csv
21012026;1200616971;885600;21/01/2026;CONSIGNACIÓN;PAGOS21012026.csv
21012026;1210181153;227650;21/01/2026;CONSIGNACIÓN;PAGOS21012026.csv
21012026;1224104393;251698;21/01/2026;CONSIGNACIÓN;PAGOS21012026.csv
21012026;1224574994;526200;21/01/2026;CONSIGNACIÓN;PAGOS21012026.csv
21012026;1224574994;853800;21/01/2026;CONSIGNACIÓN;PAGOS21012026.csv
21012026;1210579074;588500;21/01/2026;CONSIGNACIÓN;PAGOS21012026.csv
21012026;1224060193;823200;21/01/2026;CONSIGNACIÓN;PAGOS21012026.csv
21012026;1210579074;592600;21/01/2026;CONSIGNACIÓN;PAGOS21012026.csv
21012026;1210128341;678850;21/01/2026;CONSIGNACIÓN;PAGOS21012026.csv
21012026;1210128341;271984;21/01/2026;CONSIGNACIÓN;PAGOS21012026.csv
21012026;1210743188;946068;21/01/2026;CONSIGNACIÓN;PAGOS21012026.csv
21012026;1224382916;43200;21/01/2026;CONSIGNACIÓN;PAGOS21012026.csv
21012026;1200986505;311038;21/01/2026;CONSIGNACIÓN;PAGOS21012026.csv
21012026;1210425864;225300;21/01/2026;CONSIGNACIÓN;PAGOS21012026.csv
21012026;1224219218;874500;21/01/2026;CONSIGNACIÓN;PAGOS21012026.csv
21012026;1201023416;826900;21/01/2026;CONSIGNACIÓN;PAGOS21012026.csv
21012026;1201023416;108500;21/01/2026;CONSIGNACIÓN;PAGOS21012026.csv
21012026;1200529010;82500;21/01/2026;CONSIGNACIÓN;PAGOS21012026.csv
21012026;1200529010;51176;21/01/2026;CONSIGNACIÓN;PAGOS21012026.csv
21012026;1210617638;459707;21/01/2026;CONSIGNACIÓN;PAGOS21012026.csv
21012026;1224583213;334240;21/01/2026;CONSIGNACIÓN;PAGOS21012026.csv
21012026;1210025103;520928;21/01/2026;CONSIGNACIÓN;PAGOS21012026.csv
21012026;1210613556;166000;21/01/2026;CONSIGNACIÓN;PAGOS21012026.csv
21012026;1224435590;312969;21/01/2026;CONSIGNACIÓN;PAGOS21012026.csv
21012026;1224749461;134402;21/01/2026;CONSIGNACIÓN;PAGOS21012026.csv
21012026;1210428029;980400;21/01/2026;CONSIGNACIÓN;PAGOS21012026.csv
21012026;1224349400;655200;21/01/2026;CONSIGNACIÓN;PAGOS21012026.csv
21012026;1201386180;94650;21/01/2026;CONSIGNACIÓN;PAGOS21012026.csv
21012026;1224029012;627549;21/01/2026;CONSIGNACIÓN;PAGOS21012026.csv
21012026;1200619645;366572;21/01/2026;CONSIGNACIÓN;PAGOS21012026.csv
21012026;1210109603;164750;21/01/2026;CONSIGNACIÓN;PAGOS21012026.csv
21012026;1224133121;176984;21/01/2026;CONSIGNACIÓN;PAGOS21012026.csv
21012026;1210646653;146000;21/01/2026;CONSIGNACIÓN;PAGOS21012026.csv
21012026;1210469068;145600;21/01/2026;CONSIGNACIÓN;PAGOS21012026.csv
21012026;1224413499;134400;21/01/2026;CONSIGNACIÓN;PAGOS21012026.csv
21012026;1224032541;804200;21/01/2026;CONSIGNACIÓN;PAGOS21012026.csv
21012026;1200529010;117089;21/01/2026;CONSIGNACIÓN;PAGOS21012026.csv
21012026;1201916695;57000;21/01/2026;CONSIGNACIÓN;PAGOS21012026.csv
22012026;1224645378;2321222;22/01/2026;WALLET;PAGOS22012026.csv
22012026;1224231835;679239;22/01/2026;WALLET;PAGOS22012026.csv
22012026;1224596641;541069;22/01/2026;WALLET;PAGOS22012026.csv
22012026;1224605769;577700;22/01/2026;WALLET;PAGOS22012026.csv
22012026;1224581232;848252;22/01/2026;WALLET;PAGOS22012026.csv
22012026;1224396633;368920;22/01/2026;WALLET;PAGOS22012026.csv
22012026;1224752415;333477;22/01/2026;WALLET;PAGOS22012026.csv
22012026;1224628712;602680;22/01/2026;WALLET;PAGOS22012026.csv
22012026;1224023928;124470;22/01/2026;WALLET;PAGOS22012026.csv
22012026;1210515812;173450;22/01/2026;WALLET;PAGOS22012026.csv
22012026;1210039028;855000;22/01/2026;WALLET;PAGOS22012026.csv
22012026;1210491490;2312784;22/01/2026;WALLET;PAGOS22012026.csv
22012026;1210430107;1349400;22/01/2026;WALLET;PAGOS22012026.csv
22012026;1210720119;162200;22/01/2026;WALLET;PAGOS22012026.csv
22012026;1224646037;89656;22/01/2026;WALLET;PAGOS22012026.csv
22012026;1224105112;2175504;22/01/2026;WALLET;PAGOS22012026.csv
22012026;1224685137;908397;22/01/2026;WALLET;PAGOS22012026.csv
22012026;1224698181;879749;22/01/2026;WALLET;PAGOS22012026.csv
22012026;1224772843;246268;22/01/2026;WALLET;PAGOS22012026.csv
22012026;1210495377;213172;22/01/2026;WALLET;PAGOS22012026.csv
22012026;1210135991;537560;22/01/2026;WALLET;PAGOS22012026.csv
22012026;1200419631;222756;22/01/2026;WALLET;PAGOS22012026.csv
22012026;1210343880;125550;22/01/2026;WALLET;PAGOS22012026.csv
22012026;1224595619;190072;22/01/2026;WALLET;PAGOS22012026.csv
22012026;1224550030;556549;22/01/2026;WALLET;PAGOS22012026.csv
22012026;1224713776;452767;22/01/2026;WALLET;PAGOS22012026.csv
22012026;1201723920;625400;22/01/2026;WALLET;PAGOS22012026.csv
22012026;1202483750;944795;22/01/2026;WALLET;PAGOS22012026.csv
22012026;1201683835;412200;22/01/2026;WALLET;PAGOS22012026.csv
22012026;1210198723;176500;22/01/2026;WALLET;PAGOS22012026.csv
22012026;1224135850;184800;22/01/2026;WALLET;PAGOS22012026.csv
22012026;1224266074;65000;22/01/2026;WALLET;PAGOS22012026.csv
22012026;1210374791;90000;22/01/2026;WALLET;PAGOS22012026.csv
22012026;1224038973;602800;22/01/2026;WALLET;PAGOS22012026.csv
22012026;1210701063;450165;22/01/2026;WALLET;PAGOS22012026.csv
22012026;1224484307;477320;22/01/2026;WALLET;PAGOS22012026.csv
22012026;1200564516;177601;22/01/2026;WALLET;PAGOS22012026.csv
22012026;1210101544;98400;22/01/2026;WALLET;PAGOS22012026.csv
22012026;1224676104;6603944;22/01/2026;TRANSFERENCIA;PAGOS22012026.csv
22012026;1224576196;150000;22/01/2026;TRANSFERENCIA;PAGOS22012026.csv
22012026;1210422238;165600;22/01/2026;CONSIGNACIÓN;PAGOS22012026.csv
22012026;1210650402;28500;22/01/2026;CONSIGNACIÓN;PAGOS22012026.csv
22012026;1224605773;702094;22/01/2026;CONSIGNACIÓN;PAGOS22012026.csv
22012026;1224028213;198520;22/01/2026;CONSIGNACIÓN;PAGOS22012026.csv
22012026;1224290538;353785;22/01/2026;CONSIGNACIÓN;PAGOS22012026.csv
22012026;1224331573;1623800;22/01/2026;CONSIGNACIÓN;PAGOS22012026.csv
22012026;1201349089;200350;22/01/2026;CONSIGNACIÓN;PAGOS22012026.csv
22012026;1210173571;248726;22/01/2026;CONSIGNACIÓN;PAGOS22012026.csv
22012026;1224314571;227200;22/01/2026;CONSIGNACIÓN;PAGOS22012026.csv
22012026;1201802082;783150;22/01/2026;CONSIGNACIÓN;PAGOS22012026.csv
22012026;1224057163;204703;22/01/2026;CONSIGNACIÓN;PAGOS22012026.csv
22012026;1224057163;381100;22/01/2026;CONSIGNACIÓN;PAGOS22012026.csv
22012026;1224057163;430500;22/01/2026;CONSIGNACIÓN;PAGOS22012026.csv
22012026;1224703804;897344;22/01/2026;CONSIGNACIÓN;PAGOS22012026.csv
22012026;1224236577;1678733;22/01/2026;CONSIGNACIÓN;PAGOS22012026.csv
22012026;1201379867;332267;22/01/2026;CONSIGNACIÓN;PAGOS22012026.csv
22012026;1210575551;90000;22/01/2026;CONSIGNACIÓN;PAGOS22012026.csv
22012026;1200804583;785796;22/01/2026;CONSIGNACIÓN;PAGOS22012026.csv
22012026;1210109603;70350;22/01/2026;CONSIGNACIÓN;PAGOS22012026.csv
22012026;1224591146;101687;22/01/2026;CONSIGNACIÓN;PAGOS22012026.csv
22012026;1224028937;135100;22/01/2026;CONSIGNACIÓN;PAGOS22012026.csv
22012026;1210009627;795600;22/01/2026;CONSIGNACIÓN;PAGOS22012026.csv
22012026;1224159112;1910800;22/01/2026;CONSIGNACIÓN;PAGOS22012026.csv
22012026;1224032874;582908;22/01/2026;CONSIGNACIÓN;PAGOS22012026.csv
22012026;1224178047;176000;22/01/2026;CONSIGNACIÓN;PAGOS22012026.csv
22012026;1210307562;73500;22/01/2026;CONSIGNACIÓN;PAGOS22012026.csv
22012026;1224038731;410300;22/01/2026;CONSIGNACIÓN;PAGOS22012026.csv
22012026;1224752302;619499;22/01/2026;CONSIGNACIÓN;PAGOS22012026.csv
22012026;1210425938;851891;22/01/2026;CONSIGNACIÓN;PAGOS22012026.csv
22012026;1205102544;214330;22/01/2026;CONSIGNACIÓN;PAGOS22012026.csv
22012026;1224469036;162000;22/01/2026;CONSIGNACIÓN;PAGOS22012026.csv
22012026;1224600637;544638;22/01/2026;CONSIGNACIÓN;PAGOS22012026.csv
22012026;1210487556;1683003;22/01/2026;CONSIGNACIÓN;PAGOS22012026.csv
22012026;1205102951;186945;22/01/2026;CONSIGNACIÓN;PAGOS22012026.csv
22012026;1210088571;249300;22/01/2026;CONSIGNACIÓN;PAGOS22012026.csv
22012026;1224115561;159500;22/01/2026;CONSIGNACIÓN;PAGOS22012026.csv
22012026;1200517017;478421;22/01/2026;CONSIGNACIÓN;PAGOS22012026.csv
22012026;1201272753;557467;22/01/2026;CONSIGNACIÓN;PAGOS22012026.csv
22012026;1205265658;833928;22/01/2026;CONSIGNACIÓN;PAGOS22012026.csv
22012026;1210040098;553183;22/01/2026;CONSIGNACIÓN;PAGOS22012026.csv
22012026;1210238344;263650;22/01/2026;CONSIGNACIÓN;PAGOS22012026.csv
22012026;1224378287;118700;22/01/2026;CONSIGNACIÓN;PAGOS22012026.csv
22012026;1210208628;90990;22/01/2026;CONSIGNACIÓN;PAGOS22012026.csv
22012026;1224378287;162800;22/01/2026;CONSIGNACIÓN;PAGOS22012026.csv
22012026;1224378287;69175;22/01/2026;CONSIGNACIÓN;PAGOS22012026.csv
22012026;1224205667;284800;22/01/2026;CONSIGNACIÓN;PAGOS22012026.csv
22012026;1201869840;1147376;22/01/2026;CONSIGNACIÓN;PAGOS22012026.csv
22012026;1210425746;1059393;22/01/2026;CONSIGNACIÓN;PAGOS22012026.csv
22012026;1224029146;704405;22/01/2026;CONSIGNACIÓN;PAGOS22012026.csv
22012026;1200993512;700000;22/01/2026;CONSIGNACIÓN;PAGOS22012026.csv
22012026;1224043915;676800;22/01/2026;CONSIGNACIÓN;PAGOS22012026.csv
22012026;1201059653;651337;22/01/2026;CONSIGNACIÓN;PAGOS22012026.csv
22012026;1224126217;634087;22/01/2026;CONSIGNACIÓN;PAGOS22012026.csv
22012026;1224048041;481400;22/01/2026;CONSIGNACIÓN;PAGOS22012026.csv
22012026;1201264756;444000;22/01/2026;CONSIGNACIÓN;PAGOS22012026.csv
22012026;1210473819;373500;22/01/2026;CONSIGNACIÓN;PAGOS22012026.csv
22012026;1224177641;353300;22/01/2026;CONSIGNACIÓN;PAGOS22012026.csv
22012026;1224435725;351025;22/01/2026;CONSIGNACIÓN;PAGOS22012026.csv
22012026;1224145571;349368;22/01/2026;CONSIGNACIÓN;PAGOS22012026.csv
22012026;1201264756;264000;22/01/2026;CONSIGNACIÓN;PAGOS22012026.csv
22012026;1224185672;114800;22/01/2026;CONSIGNACIÓN;PAGOS22012026.csv
22012026;1224019311;110000;22/01/2026;CONSIGNACIÓN;PAGOS22012026.csv
22012026;1224019311;65000;22/01/2026;CONSIGNACIÓN;PAGOS22012026.csv
22012026;1224019311;62500;22/01/2026;CONSIGNACIÓN;PAGOS22012026.csv
22012026;1210040098;138147;22/01/2026;CONSIGNACIÓN;PAGOS22012026.csv
22012026;1210672886;296963;22/01/2026;CONSIGNACIÓN;PAGOS22012026.csv
22012026;1224439061;1076400;22/01/2026;CONSIGNACIÓN;PAGOS22012026.csv
22012026;1224431465;584849;22/01/2026;CONSIGNACIÓN;PAGOS22012026.csv
22012026;1224081375;197500;22/01/2026;CONSIGNACIÓN;PAGOS22012026.csv
22012026;1224755464;154500;22/01/2026;CONSIGNACIÓN;PAGOS22012026.csv
22012026;1202602015;567100;22/01/2026;CONSIGNACIÓN;PAGOS22012026.csv
22012026;1224191424;818400;22/01/2026;CONSIGNACIÓN;PAGOS22012026.csv
22012026;1200500940;881829;22/01/2026;CONSIGNACIÓN;PAGOS22012026.csv
22012026;1202263735;805906;22/01/2026;CONSIGNACIÓN;PAGOS22012026.csv
22012026;1200723872;141350;22/01/2026;CONSIGNACIÓN;PAGOS22012026.csv
22012026;1224242112;410914;22/01/2026;CONSIGNACIÓN;PAGOS22012026.csv
22012026;1224528692;816200;22/01/2026;CONSIGNACIÓN;PAGOS22012026.csv
22012026;1224522981;2165390;22/01/2026;CONSIGNACIÓN;PAGOS22012026.csv
22012026;1224201243;2199287;22/01/2026;CONSIGNACIÓN;PAGOS22012026.csv
22012026;1224361854;1607397;22/01/2026;CONSIGNACIÓN;PAGOS22012026.csv
22012026;1224644342;1078000;22/01/2026;CONSIGNACIÓN;PAGOS22012026.csv
22012026;1224641708;634260;22/01/2026;CONSIGNACIÓN;PAGOS22012026.csv
22012026;1210466801;80894;22/01/2026;CONSIGNACIÓN;PAGOS22012026.csv
22012026;1224432056;314900;22/01/2026;CONSIGNACIÓN;PAGOS22012026.csv
22012026;1224622471;2735700;22/01/2026;CONSIGNACIÓN;PAGOS22012026.csv
22012026;1224331224;1705200;22/01/2026;CONSIGNACIÓN;PAGOS22012026.csv
22012026;1202251487;137985;22/01/2026;CONSIGNACIÓN;PAGOS22012026.csv
22012026;1224266285;1938400;22/01/2026;CONSIGNACIÓN;PAGOS22012026.csv
22012026;1224042007;652438;22/01/2026;CONSIGNACIÓN;PAGOS22012026.csv
22012026;1224042007;587104;22/01/2026;CONSIGNACIÓN;PAGOS22012026.csv
22012026;1224042007;27972;22/01/2026;CONSIGNACIÓN;PAGOS22012026.csv
22012026;1224260313;4493400;22/01/2026;CONSIGNACIÓN;PAGOS22012026.csv
23012026;1224649034;739624;23/01/2026;WALLET;PAGOS23012026.csv
23012026;1224663340;55856;23/01/2026;WALLET;PAGOS23012026.csv
23012026;1224075363;1926000;23/01/2026;WALLET;PAGOS23012026.csv
23012026;1224460638;859500;23/01/2026;WALLET;PAGOS23012026.csv
23012026;1210644570;124822;23/01/2026;WALLET;PAGOS23012026.csv
23012026;1210206526;185000;23/01/2026;WALLET;PAGOS23012026.csv
23012026;1210644432;206406;23/01/2026;WALLET;PAGOS23012026.csv
23012026;1224074809;630963;23/01/2026;WALLET;PAGOS23012026.csv
23012026;1224621907;35000;23/01/2026;WALLET;PAGOS23012026.csv
23012026;1210572154;2994449;23/01/2026;WALLET;PAGOS23012026.csv
23012026;1224774513;211000;23/01/2026;WALLET;PAGOS23012026.csv
23012026;1210328847;240700;23/01/2026;WALLET;PAGOS23012026.csv
23012026;1224274649;932000;23/01/2026;WALLET;PAGOS23012026.csv
23012026;1224445945;1809500;23/01/2026;WALLET;PAGOS23012026.csv
23012026;1224762831;281720;23/01/2026;WALLET;PAGOS23012026.csv
23012026;1210367797;617800;23/01/2026;WALLET;PAGOS23012026.csv
23012026;1210253473;439937;23/01/2026;WALLET;PAGOS23012026.csv
23012026;1210119255;357807;23/01/2026;WALLET;PAGOS23012026.csv
23012026;1224183882;4052900;23/01/2026;WALLET;PAGOS23012026.csv
23012026;1210543324;80000;23/01/2026;WALLET;PAGOS23012026.csv
23012026;1224531503;535000;23/01/2026;WALLET;PAGOS23012026.csv
23012026;1224524604;653128;23/01/2026;WALLET;PAGOS23012026.csv
23012026;1224785215;500000;23/01/2026;WALLET;PAGOS23012026.csv
23012026;1201918905;151226;23/01/2026;WALLET;PAGOS23012026.csv
23012026;1224450929;979600;23/01/2026;WALLET;PAGOS23012026.csv
23012026;1224450929;412901;23/01/2026;WALLET;PAGOS23012026.csv
23012026;1210614430;469668;23/01/2026;WALLET;PAGOS23012026.csv
23012026;1224174045;174500;23/01/2026;WALLET;PAGOS23012026.csv
23012026;1224181290;918800;23/01/2026;WALLET;PAGOS23012026.csv
23012026;1224452430;925865;23/01/2026;WALLET;PAGOS23012026.csv
23012026;1224165311;1402472;23/01/2026;WALLET;PAGOS23012026.csv
23012026;1200727885;309559;23/01/2026;WALLET;PAGOS23012026.csv
23012026;1224502423;2906416;23/01/2026;WALLET;PAGOS23012026.csv
23012026;1224238671;1216848;23/01/2026;WALLET;PAGOS23012026.csv
23012026;1200003207;966428;23/01/2026;WALLET;PAGOS23012026.csv
23012026;1210730054;259288;23/01/2026;WALLET;PAGOS23012026.csv
23012026;1210723337;630300;23/01/2026;WALLET;PAGOS23012026.csv
23012026;1210507105;2856700;23/01/2026;WALLET;PAGOS23012026.csv
23012026;1210740707;4478600;23/01/2026;TRANSFERENCIA;PAGOS23012026.csv
23012026;1224741381;97500;23/01/2026;TRANSFERENCIA;PAGOS23012026.csv
23012026;1224741381;142700;23/01/2026;TRANSFERENCIA;PAGOS23012026.csv
23012026;1224741381;369700;23/01/2026;TRANSFERENCIA;PAGOS23012026.csv
23012026;1224741381;211400;23/01/2026;TRANSFERENCIA;PAGOS23012026.csv
23012026;1224741381;215200;23/01/2026;TRANSFERENCIA;PAGOS23012026.csv
23012026;1224741381;410551;23/01/2026;TRANSFERENCIA;PAGOS23012026.csv
23012026;1210416076;738500;23/01/2026;TRANSFERENCIA;PAGOS23012026.csv
23012026;1224111773;649853;23/01/2026;TRANSFERENCIA;PAGOS23012026.csv
23012026;1224646062;2005400;23/01/2026;TRANSFERENCIA;PAGOS23012026.csv
23012026;1224134376;92900;23/01/2026;CONSIGNACIÓN;PAGOS23012026.csv
23012026;1201063064;370500;23/01/2026;CONSIGNACIÓN;PAGOS23012026.csv
23012026;1224042007;18000;23/01/2026;CONSIGNACIÓN;PAGOS23012026.csv
23012026;1210568399;319976;23/01/2026;CONSIGNACIÓN;PAGOS23012026.csv
23012026;1224573671;760359;23/01/2026;CONSIGNACIÓN;PAGOS23012026.csv
23012026;1202615168;309900;23/01/2026;CONSIGNACIÓN;PAGOS23012026.csv
23012026;1224490256;138800;23/01/2026;CONSIGNACIÓN;PAGOS23012026.csv
23012026;1224174502;50954;23/01/2026;CONSIGNACIÓN;PAGOS23012026.csv
23012026;1210522973;218700;23/01/2026;CONSIGNACIÓN;PAGOS23012026.csv
23012026;1210206124;179100;23/01/2026;CONSIGNACIÓN;PAGOS23012026.csv
23012026;1210152173;394800;23/01/2026;CONSIGNACIÓN;PAGOS23012026.csv
23012026;1224698090;1184479;23/01/2026;CONSIGNACIÓN;PAGOS23012026.csv
23012026;1210407932;280532;23/01/2026;CONSIGNACIÓN;PAGOS23012026.csv
23012026;1210216008;268400;23/01/2026;CONSIGNACIÓN;PAGOS23012026.csv
23012026;1201687085;129330;23/01/2026;CONSIGNACIÓN;PAGOS23012026.csv
23012026;1210721493;256972;23/01/2026;CONSIGNACIÓN;PAGOS23012026.csv
23012026;1201687085;179900;23/01/2026;CONSIGNACIÓN;PAGOS23012026.csv
23012026;1224038731;78856;23/01/2026;CONSIGNACIÓN;PAGOS23012026.csv
23012026;1224518138;705700;23/01/2026;CONSIGNACIÓN;PAGOS23012026.csv
23012026;1202610622;153000;23/01/2026;CONSIGNACIÓN;PAGOS23012026.csv
23012026;1210424431;472200;23/01/2026;CONSIGNACIÓN;PAGOS23012026.csv
23012026;1224438809;51900;23/01/2026;CONSIGNACIÓN;PAGOS23012026.csv
23012026;1224438809;267350;23/01/2026;CONSIGNACIÓN;PAGOS23012026.csv
23012026;1200160612;1203859;23/01/2026;CONSIGNACIÓN;PAGOS23012026.csv
23012026;1224373793;3433272;23/01/2026;CONSIGNACIÓN;PAGOS23012026.csv
23012026;1201866770;346799;23/01/2026;CONSIGNACIÓN;PAGOS23012026.csv
23012026;1224362165;3302600;23/01/2026;CONSIGNACIÓN;PAGOS23012026.csv
23012026;1224362165;1423599;23/01/2026;CONSIGNACIÓN;PAGOS23012026.csv
23012026;1224362165;3169540;23/01/2026;CONSIGNACIÓN;PAGOS23012026.csv
23012026;1224362165;4386619;23/01/2026;CONSIGNACIÓN;PAGOS23012026.csv
23012026;1224362165;2713502;23/01/2026;CONSIGNACIÓN;PAGOS23012026.csv
23012026;1224362165;3824400;23/01/2026;CONSIGNACIÓN;PAGOS23012026.csv
23012026;1224362165;2315201;23/01/2026;CONSIGNACIÓN;PAGOS23012026.csv
23012026;1224211845;327400;23/01/2026;CONSIGNACIÓN;PAGOS23012026.csv
23012026;1224211845;1392200;23/01/2026;CONSIGNACIÓN;PAGOS23012026.csv
23012026;1210196936;176000;23/01/2026;CONSIGNACIÓN;PAGOS23012026.csv
23012026;1201348333;272200;23/01/2026;CONSIGNACIÓN;PAGOS23012026.csv
23012026;1224327212;199798;23/01/2026;CONSIGNACIÓN;PAGOS23012026.csv
23012026;1224327212;292700;23/01/2026;CONSIGNACIÓN;PAGOS23012026.csv
23012026;1224017642;482000;23/01/2026;CONSIGNACIÓN;PAGOS23012026.csv
23012026;1224211845;1096800;23/01/2026;CONSIGNACIÓN;PAGOS23012026.csv
23012026;1202610726;427306;23/01/2026;CONSIGNACIÓN;PAGOS23012026.csv
23012026;1224621907;45000;23/01/2026;CONSIGNACIÓN;PAGOS23012026.csv
23012026;1210709373;71500;23/01/2026;CONSIGNACIÓN;PAGOS23012026.csv
23012026;1224549069;425900;23/01/2026;CONSIGNACIÓN;PAGOS23012026.csv
23012026;1210590091;226300;23/01/2026;CONSIGNACIÓN;PAGOS23012026.csv
23012026;1205001089;332366;23/01/2026;CONSIGNACIÓN;PAGOS23012026.csv
23012026;1201535532;261900;23/01/2026;CONSIGNACIÓN;PAGOS23012026.csv
23012026;1201535532;239000;23/01/2026;CONSIGNACIÓN;PAGOS23012026.csv
23012026;1210721617;70109;23/01/2026;CONSIGNACIÓN;PAGOS23012026.csv
23012026;1224383260;354250;23/01/2026;CONSIGNACIÓN;PAGOS23012026.csv
23012026;1224028213;150000;23/01/2026;CONSIGNACIÓN;PAGOS23012026.csv
23012026;1201428762;255880;23/01/2026;CONSIGNACIÓN;PAGOS23012026.csv
23012026;1200610916;248800;23/01/2026;CONSIGNACIÓN;PAGOS23012026.csv
23012026;1200670242;650450;23/01/2026;CONSIGNACIÓN;PAGOS23012026.csv
23012026;1224045661;70000;23/01/2026;CONSIGNACIÓN;PAGOS23012026.csv
23012026;1224074123;1020988;23/01/2026;CONSIGNACIÓN;PAGOS23012026.csv
23012026;1210616607;626600;23/01/2026;CONSIGNACIÓN;PAGOS23012026.csv
23012026;1205004677;1325829;23/01/2026;CONSIGNACIÓN;PAGOS23012026.csv
23012026;1210537204;50000;23/01/2026;CONSIGNACIÓN;PAGOS23012026.csv
23012026;1201923852;119200;23/01/2026;CONSIGNACIÓN;PAGOS23012026.csv
23012026;1201923852;54000;23/01/2026;CONSIGNACIÓN;PAGOS23012026.csv
23012026;1200572849;423212;23/01/2026;CONSIGNACIÓN;PAGOS23012026.csv
23012026;1201347521;162500;23/01/2026;CONSIGNACIÓN;PAGOS23012026.csv
23012026;1224211845;786700;23/01/2026;CONSIGNACIÓN;PAGOS23012026.csv
23012026;1224337405;961000;23/01/2026;CONSIGNACIÓN;PAGOS23012026.csv
23012026;1224086194;204281;23/01/2026;CONSIGNACIÓN;PAGOS23012026.csv
23012026;1224639404;391275;23/01/2026;CONSIGNACIÓN;PAGOS23012026.csv
23012026;1224127716;47900;23/01/2026;CONSIGNACIÓN;PAGOS23012026.csv
23012026;1210571044;520100;23/01/2026;CONSIGNACIÓN;PAGOS23012026.csv
23012026;1200670517;774879;23/01/2026;CONSIGNACIÓN;PAGOS23012026.csv
23012026;1224791297;386800;23/01/2026;CONSIGNACIÓN;PAGOS23012026.csv
23012026;1201804252;172400;23/01/2026;CONSIGNACIÓN;PAGOS23012026.csv
24012026;1224634951;67500;24/01/2026;WALLET;PAGOS24012026.csv
24012026;1224432237;417600;24/01/2026;WALLET;PAGOS24012026.csv
24012026;1210481206;2320000;24/01/2026;WALLET;PAGOS24012026.csv
24012026;1210735699;251600;24/01/2026;WALLET;PAGOS24012026.csv
24012026;1210194319;549895;24/01/2026;WALLET;PAGOS24012026.csv
24012026;1224605769;508300;24/01/2026;WALLET;PAGOS24012026.csv
24012026;1224592772;204964;24/01/2026;WALLET;PAGOS24012026.csv
24012026;1224411512;406618;24/01/2026;WALLET;PAGOS24012026.csv
24012026;1224007153;65000;24/01/2026;WALLET;PAGOS24012026.csv
24012026;1201001963;62500;24/01/2026;WALLET;PAGOS24012026.csv
24012026;1224670164;2204800;24/01/2026;WALLET;PAGOS24012026.csv
24012026;1210199014;172550;24/01/2026;WALLET;PAGOS24012026.csv
24012026;1210529303;305326;24/01/2026;WALLET;PAGOS24012026.csv
24012026;1224484707;253000;24/01/2026;WALLET;PAGOS24012026.csv
24012026;1224576081;373200;24/01/2026;WALLET;PAGOS24012026.csv
24012026;1224769845;107350;24/01/2026;WALLET;PAGOS24012026.csv
24012026;1210258129;177411;24/01/2026;WALLET;PAGOS24012026.csv
24012026;1210515812;216000;24/01/2026;WALLET;PAGOS24012026.csv
24012026;1210529303;513762;24/01/2026;WALLET;PAGOS24012026.csv
24012026;1224407636;365573;24/01/2026;WALLET;PAGOS24012026.csv
24012026;1201685014;2357050;24/01/2026;WALLET;PAGOS24012026.csv
24012026;1224563298;300600;24/01/2026;WALLET;PAGOS24012026.csv
24012026;1210569888;133189;24/01/2026;WALLET;PAGOS24012026.csv
24012026;1210198723;95400;24/01/2026;WALLET;PAGOS24012026.csv
24012026;1224332338;391832;24/01/2026;WALLET;PAGOS24012026.csv
24012026;1210644432;268767;24/01/2026;WALLET;PAGOS24012026.csv
24012026;1201375185;578900;24/01/2026;WALLET;PAGOS24012026.csv
24012026;1224351037;457335;24/01/2026;WALLET;PAGOS24012026.csv
24012026;1201399042;137700;24/01/2026;WALLET;PAGOS24012026.csv
24012026;1224671273;239200;24/01/2026;WALLET;PAGOS24012026.csv
24012026;1210703889;306784;24/01/2026;WALLET;PAGOS24012026.csv
24012026;1224135850;195530;24/01/2026;WALLET;PAGOS24012026.csv
24012026;1224450079;176200;24/01/2026;WALLET;PAGOS24012026.csv
24012026;1201683835;605594;24/01/2026;WALLET;PAGOS24012026.csv
24012026;1224460638;459200;24/01/2026;WALLET;PAGOS24012026.csv
24012026;1201531594;336300;24/01/2026;WALLET;PAGOS24012026.csv
24012026;1224558687;776512;24/01/2026;WALLET;PAGOS24012026.csv
24012026;1224558687;712752;24/01/2026;WALLET;PAGOS24012026.csv
24012026;1224395143;528591;24/01/2026;WALLET;PAGOS24012026.csv
24012026;1224086360;707385;24/01/2026;WALLET;PAGOS24012026.csv
24012026;1224617949;970125;24/01/2026;WALLET;PAGOS24012026.csv
24012026;1224211126;261700;24/01/2026;WALLET;PAGOS24012026.csv
24012026;1224652352;441898;24/01/2026;WALLET;PAGOS24012026.csv
24012026;1224566811;943200;24/01/2026;WALLET;PAGOS24012026.csv
24012026;1201399462;880725;24/01/2026;WALLET;PAGOS24012026.csv
24012026;1210644570;318800;24/01/2026;WALLET;PAGOS24012026.csv
24012026;1224713037;357734;24/01/2026;WALLET;PAGOS24012026.csv
24012026;1224677746;145311;24/01/2026;WALLET;PAGOS24012026.csv
24012026;1202483750;1016300;24/01/2026;WALLET;PAGOS24012026.csv
24012026;1224071051;445365;24/01/2026;WALLET;PAGOS24012026.csv
24012026;1224017237;442951;24/01/2026;WALLET;PAGOS24012026.csv
24012026;1200610916;1222999;24/01/2026;CONSIGNACIÓN;PAGOS24012026.csv
24012026;1224045661;82600;24/01/2026;CONSIGNACIÓN;PAGOS24012026.csv
24012026;1200581600;1707981;24/01/2026;CONSIGNACIÓN;PAGOS24012026.csv
24012026;1224331892;1679600;24/01/2026;CONSIGNACIÓN;PAGOS24012026.csv
24012026;1224400739;1590640;24/01/2026;CONSIGNACIÓN;PAGOS24012026.csv
24012026;1224331170;1228100;24/01/2026;CONSIGNACIÓN;PAGOS24012026.csv
24012026;1224355403;785083;24/01/2026;CONSIGNACIÓN;PAGOS24012026.csv
24012026;1224221865;747828;24/01/2026;CONSIGNACIÓN;PAGOS24012026.csv
24012026;1200570192;631297;24/01/2026;CONSIGNACIÓN;PAGOS24012026.csv
24012026;1224596606;597000;24/01/2026;CONSIGNACIÓN;PAGOS24012026.csv
24012026;1210510490;580200;24/01/2026;CONSIGNACIÓN;PAGOS24012026.csv
24012026;1210558376;574000;24/01/2026;CONSIGNACIÓN;PAGOS24012026.csv
24012026;1224579319;499551;24/01/2026;CONSIGNACIÓN;PAGOS24012026.csv
24012026;1200492136;469200;24/01/2026;CONSIGNACIÓN;PAGOS24012026.csv
24012026;1200500940;429382;24/01/2026;CONSIGNACIÓN;PAGOS24012026.csv
24012026;1224355403;383394;24/01/2026;CONSIGNACIÓN;PAGOS24012026.csv
24012026;1201063064;283000;24/01/2026;CONSIGNACIÓN;PAGOS24012026.csv
24012026;1224242031;278351;24/01/2026;CONSIGNACIÓN;PAGOS24012026.csv
24012026;1224445025;223900;24/01/2026;CONSIGNACIÓN;PAGOS24012026.csv
24012026;1201061524;215500;24/01/2026;CONSIGNACIÓN;PAGOS24012026.csv
24012026;1224048041;211220;24/01/2026;CONSIGNACIÓN;PAGOS24012026.csv
24012026;1210486795;181298;24/01/2026;CONSIGNACIÓN;PAGOS24012026.csv
24012026;1224104297;134600;24/01/2026;CONSIGNACIÓN;PAGOS24012026.csv
24012026;1224693237;132000;24/01/2026;CONSIGNACIÓN;PAGOS24012026.csv
24012026;1210513012;105100;24/01/2026;CONSIGNACIÓN;PAGOS24012026.csv
24012026;1200497221;90000;24/01/2026;CONSIGNACIÓN;PAGOS24012026.csv
24012026;1200496588;79100;24/01/2026;CONSIGNACIÓN;PAGOS24012026.csv
24012026;1210690177;72000;24/01/2026;CONSIGNACIÓN;PAGOS24012026.csv
24012026;1224174502;59000;24/01/2026;CONSIGNACIÓN;PAGOS24012026.csv
24012026;1210690177;57888;24/01/2026;CONSIGNACIÓN;PAGOS24012026.csv
24012026;1224242031;56170;24/01/2026;CONSIGNACIÓN;PAGOS24012026.csv
24012026;1200396808;50000;24/01/2026;CONSIGNACIÓN;PAGOS24012026.csv
24012026;1224174502;144900;24/01/2026;CONSIGNACIÓN;PAGOS24012026.csv
24012026;1202615168;156700;24/01/2026;CONSIGNACIÓN;PAGOS24012026.csv
24012026;1201002988;419952;24/01/2026;CONSIGNACIÓN;PAGOS24012026.csv
24012026;1224325201;1052200;24/01/2026;CONSIGNACIÓN;PAGOS24012026.csv
24012026;1224390759;443800;24/01/2026;CONSIGNACIÓN;PAGOS24012026.csv
24012026;1210181153;144050;24/01/2026;CONSIGNACIÓN;PAGOS24012026.csv
24012026;1210274085;109500;24/01/2026;CONSIGNACIÓN;PAGOS24012026.csv
24012026;1224382916;188600;24/01/2026;CONSIGNACIÓN;PAGOS24012026.csv
24012026;1224470971;443071;24/01/2026;CONSIGNACIÓN;PAGOS24012026.csv
24012026;1201345531;277950;24/01/2026;CONSIGNACIÓN;PAGOS24012026.csv
24012026;1210618442;326751;24/01/2026;CONSIGNACIÓN;PAGOS24012026.csv
24012026;1224537255;601480;24/01/2026;CONSIGNACIÓN;PAGOS24012026.csv
24012026;1224723658;827724;24/01/2026;CONSIGNACIÓN;PAGOS24012026.csv
24012026;1224211845;1066400;24/01/2026;CONSIGNACIÓN;PAGOS24012026.csv
24012026;1210283551;403130;24/01/2026;CONSIGNACIÓN;PAGOS24012026.csv
24012026;1224197278;469300;24/01/2026;CONSIGNACIÓN;PAGOS24012026.csv
24012026;1224172697;170271;24/01/2026;CONSIGNACIÓN;PAGOS24012026.csv
24012026;1224030239;175500;24/01/2026;CONSIGNACIÓN;PAGOS24012026.csv
24012026;1224669590;596000;24/01/2026;CONSIGNACIÓN;PAGOS24012026.csv
24012026;1210425938;1535901;24/01/2026;CONSIGNACIÓN;PAGOS24012026.csv
24012026;1224178047;85295;24/01/2026;CONSIGNACIÓN;PAGOS24012026.csv
24012026;1224752302;212692;24/01/2026;CONSIGNACIÓN;PAGOS24012026.csv
24012026;1200518507;530400;24/01/2026;CONSIGNACIÓN;PAGOS24012026.csv
24012026;1200529010;55856;24/01/2026;CONSIGNACIÓN;PAGOS24012026.csv
24012026;1200529010;82800;24/01/2026;CONSIGNACIÓN;PAGOS24012026.csv
24012026;1200529010;62400;24/01/2026;CONSIGNACIÓN;PAGOS24012026.csv
24012026;1200529010;80351;24/01/2026;CONSIGNACIÓN;PAGOS24012026.csv
24012026;1200619645;369000;24/01/2026;CONSIGNACIÓN;PAGOS24012026.csv
24012026;1224604755;340114;24/01/2026;CONSIGNACIÓN;PAGOS24012026.csv
24012026;1224604755;795000;24/01/2026;CONSIGNACIÓN;PAGOS24012026.csv
24012026;1224604755;669910;24/01/2026;CONSIGNACIÓN;PAGOS24012026.csv
24012026;1224307638;6959400;24/01/2026;CONSIGNACIÓN;PAGOS24012026.csv
24012026;1224472956;701000;24/01/2026;CONSIGNACIÓN;PAGOS24012026.csv
24012026;1201379867;384684;24/01/2026;CONSIGNACIÓN;PAGOS24012026.csv
24012026;1224065705;289562;24/01/2026;CONSIGNACIÓN;PAGOS24012026.csv
24012026;1224681748;795000;24/01/2026;CONSIGNACIÓN;PAGOS24012026.csv
24012026;1224681748;379900;24/01/2026;CONSIGNACIÓN;PAGOS24012026.csv
24012026;1210447490;200000;24/01/2026;CONSIGNACIÓN;PAGOS24012026.csv
24012026;1210524516;220730;24/01/2026;CONSIGNACIÓN;PAGOS24012026.csv
24012026;1201386180;102250;24/01/2026;CONSIGNACIÓN;PAGOS24012026.csv
24012026;1224158233;1003300;24/01/2026;CONSIGNACIÓN;PAGOS24012026.csv
24012026;1200723872;122000;24/01/2026;CONSIGNACIÓN;PAGOS24012026.csv
24012026;1224084755;1267309;24/01/2026;CONSIGNACIÓN;PAGOS24012026.csv
24012026;1224084755;455768;24/01/2026;CONSIGNACIÓN;PAGOS24012026.csv
24012026;1224219932;368000;24/01/2026;CONSIGNACIÓN;PAGOS24012026.csv
24012026;1224390759;167500;24/01/2026;CONSIGNACIÓN;PAGOS24012026.csv
24012026;1224572234;155442;24/01/2026;CONSIGNACIÓN;PAGOS24012026.csv
24012026;1224069349;543000;24/01/2026;CONSIGNACIÓN;PAGOS24012026.csv
26012026;1224517821;144089;26/01/2026;WALLET;PAGOS26012026.csv
26012026;1210292498;665600;26/01/2026;WALLET;PAGOS26012026.csv
26012026;1224610440;1092280;26/01/2026;WALLET;PAGOS26012026.csv
26012026;1224074134;571336;26/01/2026;WALLET;PAGOS26012026.csv
26012026;1224206306;709100;26/01/2026;WALLET;PAGOS26012026.csv
26012026;1202600388;475067;26/01/2026;WALLET;PAGOS26012026.csv
26012026;1201375989;222951;26/01/2026;WALLET;PAGOS26012026.csv
26012026;1210434992;133731;26/01/2026;WALLET;PAGOS26012026.csv
26012026;1224625112;414000;26/01/2026;WALLET;PAGOS26012026.csv
26012026;1224517821;148850;26/01/2026;WALLET;PAGOS26012026.csv
26012026;1210253473;574600;26/01/2026;WALLET;PAGOS26012026.csv
26012026;1210074378;305300;26/01/2026;WALLET;PAGOS26012026.csv
26012026;1224635054;575498;26/01/2026;WALLET;PAGOS26012026.csv
26012026;1224211625;1959423;26/01/2026;WALLET;PAGOS26012026.csv
26012026;1224566921;318600;26/01/2026;WALLET;PAGOS26012026.csv
26012026;1200370768;442200;26/01/2026;WALLET;PAGOS26012026.csv
26012026;1210194319;546481;26/01/2026;WALLET;PAGOS26012026.csv
26012026;1224524604;646200;26/01/2026;WALLET;PAGOS26012026.csv
26012026;1224644762;723984;26/01/2026;WALLET;PAGOS26012026.csv
26012026;1224759789;195500;26/01/2026;WALLET;PAGOS26012026.csv
26012026;1210701063;453430;26/01/2026;WALLET;PAGOS26012026.csv
26012026;1224385372;217500;26/01/2026;WALLET;PAGOS26012026.csv
26012026;1224732188;187500;26/01/2026;WALLET;PAGOS26012026.csv
26012026;1224686304;241924;26/01/2026;WALLET;PAGOS26012026.csv
26012026;1210661575;6199300;26/01/2026;WALLET;PAGOS26012026.csv
26012026;1210453423;2429427;26/01/2026;WALLET;PAGOS26012026.csv
26012026;1210730546;185000;26/01/2026;WALLET;PAGOS26012026.csv
26012026;1224426346;2541200;26/01/2026;WALLET;PAGOS26012026.csv
26012026;1210234166;80834;26/01/2026;WALLET;PAGOS26012026.csv
26012026;1224508213;252000;26/01/2026;WALLET;PAGOS26012026.csv
26012026;1210567263;281012;26/01/2026;WALLET;PAGOS26012026.csv
26012026;1224256044;749419;26/01/2026;WALLET;PAGOS26012026.csv
26012026;1224007181;137215;26/01/2026;WALLET;PAGOS26012026.csv
26012026;1224100489;447900;26/01/2026;WALLET;PAGOS26012026.csv
26012026;1224670335;947788;26/01/2026;WALLET;PAGOS26012026.csv
26012026;1224131782;95000;26/01/2026;WALLET;PAGOS26012026.csv
26012026;1210198723;111472;26/01/2026;WALLET;PAGOS26012026.csv
26012026;1224065524;269776;26/01/2026;WALLET;PAGOS26012026.csv
26012026;1224452430;906185;26/01/2026;WALLET;PAGOS26012026.csv
26012026;1224464296;279700;26/01/2026;WALLET;PAGOS26012026.csv
26012026;1224069097;3292070;26/01/2026;WALLET;PAGOS26012026.csv
26012026;1210439136;723300;26/01/2026;WALLET;PAGOS26012026.csv
26012026;1224358592;617600;26/01/2026;WALLET;PAGOS26012026.csv
26012026;1224040040;186200;26/01/2026;WALLET;PAGOS26012026.csv
26012026;1224567463;128000;26/01/2026;WALLET;PAGOS26012026.csv
26012026;1224788040;609451;26/01/2026;WALLET;PAGOS26012026.csv
26012026;1210549478;603259;26/01/2026;WALLET;PAGOS26012026.csv
26012026;1224532918;1869100;26/01/2026;WALLET;PAGOS26012026.csv
26012026;1224698181;813460;26/01/2026;WALLET;PAGOS26012026.csv
26012026;1224546958;223904;26/01/2026;WALLET;PAGOS26012026.csv
26012026;1202609724;181000;26/01/2026;WALLET;PAGOS26012026.csv
26012026;1210119255;64200;26/01/2026;WALLET;PAGOS26012026.csv
26012026;1224204776;466200;26/01/2026;WALLET;PAGOS26012026.csv
26012026;1224340495;151400;26/01/2026;WALLET;PAGOS26012026.csv
26012026;1224131782;190000;26/01/2026;WALLET;PAGOS26012026.csv
26012026;1201399462;1028147;26/01/2026;WALLET;PAGOS26012026.csv
26012026;1210744272;1331400;26/01/2026;WALLET;PAGOS26012026.csv
26012026;1224584522;280311;26/01/2026;WALLET;PAGOS26012026.csv
26012026;1224086760;915000;26/01/2026;WALLET;PAGOS26012026.csv
26012026;1224358592;365700;26/01/2026;WALLET;PAGOS26012026.csv
26012026;1210258423;2148428;26/01/2026;TRANSFERENCIA;PAGOS26012026.csv
26012026;1224665242;495000;26/01/2026;TRANSFERENCIA;PAGOS26012026.csv
26012026;1224138433;85000;26/01/2026;CONSIGNACIÓN;PAGOS26012026.csv
26012026;1224804769;497580;26/01/2026;CONSIGNACIÓN;PAGOS26012026.csv
26012026;1224804769;240800;26/01/2026;CONSIGNACIÓN;PAGOS26012026.csv
26012026;1224377075;1133700;26/01/2026;CONSIGNACIÓN;PAGOS26012026.csv
26012026;1210639119;294703;26/01/2026;CONSIGNACIÓN;PAGOS26012026.csv
26012026;1200497221;90000;26/01/2026;CONSIGNACIÓN;PAGOS26012026.csv
26012026;1224489927;128750;26/01/2026;CONSIGNACIÓN;PAGOS26012026.csv
26012026;1224499750;225000;26/01/2026;CONSIGNACIÓN;PAGOS26012026.csv
26012026;1224473808;96000;26/01/2026;CONSIGNACIÓN;PAGOS26012026.csv
26012026;1224069308;272205;26/01/2026;CONSIGNACIÓN;PAGOS26012026.csv
26012026;1200647383;832000;26/01/2026;CONSIGNACIÓN;PAGOS26012026.csv
26012026;1224380437;661800;26/01/2026;CONSIGNACIÓN;PAGOS26012026.csv
26012026;1224380437;304600;26/01/2026;CONSIGNACIÓN;PAGOS26012026.csv
26012026;1224380437;476770;26/01/2026;CONSIGNACIÓN;PAGOS26012026.csv
26012026;1200548073;85704;26/01/2026;CONSIGNACIÓN;PAGOS26012026.csv
26012026;1200548073;369871;26/01/2026;CONSIGNACIÓN;PAGOS26012026.csv
26012026;1200548073;51600;26/01/2026;CONSIGNACIÓN;PAGOS26012026.csv
26012026;1200548073;90000;26/01/2026;CONSIGNACIÓN;PAGOS26012026.csv
26012026;1200548073;251144;26/01/2026;CONSIGNACIÓN;PAGOS26012026.csv
26012026;1210087416;441500;26/01/2026;CONSIGNACIÓN;PAGOS26012026.csv
26012026;1210369504;144600;26/01/2026;CONSIGNACIÓN;PAGOS26012026.csv
26012026;1210087416;386200;26/01/2026;CONSIGNACIÓN;PAGOS26012026.csv
26012026;1200670517;160439;26/01/2026;CONSIGNACIÓN;PAGOS26012026.csv
26012026;1224067748;868445;26/01/2026;CONSIGNACIÓN;PAGOS26012026.csv
26012026;1210206124;82150;26/01/2026;CONSIGNACIÓN;PAGOS26012026.csv
26012026;1210613556;158900;26/01/2026;CONSIGNACIÓN;PAGOS26012026.csv
26012026;1201272753;670074;26/01/2026;CONSIGNACIÓN;PAGOS26012026.csv
26012026;1200543500;1199100;26/01/2026;CONSIGNACIÓN;PAGOS26012026.csv
26012026;1201535532;378175;26/01/2026;CONSIGNACIÓN;PAGOS26012026.csv
26012026;1224472317;276100;26/01/2026;CONSIGNACIÓN;PAGOS26012026.csv
26012026;1210180334;540725;26/01/2026;CONSIGNACIÓN;PAGOS26012026.csv
26012026;1200505498;353900;26/01/2026;CONSIGNACIÓN;PAGOS26012026.csv
26012026;1210168190;471050;26/01/2026;CONSIGNACIÓN;PAGOS26012026.csv
26012026;1201348333;254100;26/01/2026;CONSIGNACIÓN;PAGOS26012026.csv
26012026;1202263735;684689;26/01/2026;CONSIGNACIÓN;PAGOS26012026.csv
26012026;1224572234;52809;26/01/2026;CONSIGNACIÓN;PAGOS26012026.csv
26012026;1224668880;540200;26/01/2026;CONSIGNACIÓN;PAGOS26012026.csv
26012026;1224458359;221861;26/01/2026;CONSIGNACIÓN;PAGOS26012026.csv
26012026;1224174153;1804700;26/01/2026;CONSIGNACIÓN;PAGOS26012026.csv
26012026;1224152121;2190814;26/01/2026;CONSIGNACIÓN;PAGOS26012026.csv
26012026;1210128341;285804;26/01/2026;CONSIGNACIÓN;PAGOS26012026.csv
26012026;1200548593;562200;26/01/2026;CONSIGNACIÓN;PAGOS26012026.csv
26012026;1224022390;1149000;26/01/2026;CONSIGNACIÓN;PAGOS26012026.csv
26012026;1210691542;571800;26/01/2026;CONSIGNACIÓN;PAGOS26012026.csv
26012026;1224361854;108000;26/01/2026;CONSIGNACIÓN;PAGOS26012026.csv
26012026;1210466801;149414;26/01/2026;CONSIGNACIÓN;PAGOS26012026.csv
26012026;1201866770;481337;26/01/2026;CONSIGNACIÓN;PAGOS26012026.csv
26012026;1210466801;80894;26/01/2026;CONSIGNACIÓN;PAGOS26012026.csv
26012026;1201809119;94900;26/01/2026;CONSIGNACIÓN;PAGOS26012026.csv
26012026;1224483658;1194800;26/01/2026;CONSIGNACIÓN;PAGOS26012026.csv
26012026;1210024158;199350;26/01/2026;CONSIGNACIÓN;PAGOS26012026.csv
26012026;1210024158;51176;26/01/2026;CONSIGNACIÓN;PAGOS26012026.csv
26012026;1210024158;18000;26/01/2026;CONSIGNACIÓN;PAGOS26012026.csv
26012026;1210596154;208950;26/01/2026;CONSIGNACIÓN;PAGOS26012026.csv
26012026;1210625375;1411200;26/01/2026;CONSIGNACIÓN;PAGOS26012026.csv
26012026;1224373793;1001974;26/01/2026;CONSIGNACIÓN;PAGOS26012026.csv
26012026;1210743188;1662990;26/01/2026;CONSIGNACIÓN;PAGOS26012026.csv
26012026;1201357867;51300;26/01/2026;CONSIGNACIÓN;PAGOS26012026.csv
26012026;1210617638;425138;26/01/2026;CONSIGNACIÓN;PAGOS26012026.csv
26012026;1224157463;138406;26/01/2026;CONSIGNACIÓN;PAGOS26012026.csv
26012026;1224346834;474000;26/01/2026;CONSIGNACIÓN;PAGOS26012026.csv
26012026;1224159342;347000;26/01/2026;CONSIGNACIÓN;PAGOS26012026.csv
26012026;1224731075;690800;26/01/2026;CONSIGNACIÓN;PAGOS26012026.csv
26012026;1200511638;2005246;26/01/2026;CONSIGNACIÓN;PAGOS26012026.csv
26012026;1210537204;175550;26/01/2026;CONSIGNACIÓN;PAGOS26012026.csv
26012026;1224433005;1724000;26/01/2026;CONSIGNACIÓN;PAGOS26012026.csv
26012026;1224611710;2883523;26/01/2026;CONSIGNACIÓN;PAGOS26012026.csv
26012026;1210232115;409931;26/01/2026;CONSIGNACIÓN;PAGOS26012026.csv
26012026;1224289624;215500;26/01/2026;CONSIGNACIÓN;PAGOS26012026.csv
26012026;1210640445;684500;26/01/2026;CONSIGNACIÓN;PAGOS26012026.csv
26012026;1210640445;757200;26/01/2026;CONSIGNACIÓN;PAGOS26012026.csv
26012026;1224570751;1359000;26/01/2026;CONSIGNACIÓN;PAGOS26012026.csv
26012026;1210584618;991000;26/01/2026;CONSIGNACIÓN;PAGOS26012026.csv
26012026;1224570751;1547300;26/01/2026;CONSIGNACIÓN;PAGOS26012026.csv
26012026;1224439061;593200;26/01/2026;CONSIGNACIÓN;PAGOS26012026.csv
26012026;1224570751;1379500;26/01/2026;CONSIGNACIÓN;PAGOS26012026.csv
26012026;1224012461;368000;26/01/2026;CONSIGNACIÓN;PAGOS26012026.csv
26012026;1224237819;196841;26/01/2026;CONSIGNACIÓN;PAGOS26012026.csv
26012026;1200993512;1112203;26/01/2026;CONSIGNACIÓN;PAGOS26012026.csv
26012026;1200014272;271778;26/01/2026;CONSIGNACIÓN;PAGOS26012026.csv
26012026;1200014272;362539;26/01/2026;CONSIGNACIÓN;PAGOS26012026.csv
26012026;1200014272;234170;26/01/2026;CONSIGNACIÓN;PAGOS26012026.csv
26012026;1200014272;40100;26/01/2026;CONSIGNACIÓN;PAGOS26012026.csv
26012026;1200014272;8802;26/01/2026;CONSIGNACIÓN;PAGOS26012026.csv
26012026;1200014272;234170;26/01/2026;CONSIGNACIÓN;PAGOS26012026.csv
26012026;1224674596;1000000;26/01/2026;CONSIGNACIÓN;PAGOS26012026.csv
26012026;1202614929;213800;26/01/2026;CONSIGNACIÓN;PAGOS26012026.csv
26012026;1200514811;1042770;26/01/2026;CONSIGNACIÓN;PAGOS26012026.csv
26012026;1210408646;105000;26/01/2026;CONSIGNACIÓN;PAGOS26012026.csv
26012026;1201749592;392626;26/01/2026;CONSIGNACIÓN;PAGOS26012026.csv
26012026;1210698591;3000000;26/01/2026;CONSIGNACIÓN;PAGOS26012026.csv
26012026;1224492968;307300;26/01/2026;CONSIGNACIÓN;PAGOS26012026.csv
26012026;1210544567;445800;26/01/2026;CONSIGNACIÓN;PAGOS26012026.csv
26012026;1210433476;310300;26/01/2026;CONSIGNACIÓN;PAGOS26012026.csv
27012026;1224539323;962219;27/01/2026;WALLET;PAGOS27012026.csv
27012026;1224644885;893437;27/01/2026;WALLET;PAGOS27012026.csv
27012026;1210571382;1646612;27/01/2026;WALLET;PAGOS27012026.csv
27012026;1224810942;994300;27/01/2026;WALLET;PAGOS27012026.csv
27012026;1224358592;515000;27/01/2026;WALLET;PAGOS27012026.csv
27012026;1224653914;172300;27/01/2026;WALLET;PAGOS27012026.csv
27012026;1200779345;145100;27/01/2026;WALLET;PAGOS27012026.csv
27012026;1224329121;260092;27/01/2026;WALLET;PAGOS27012026.csv
27012026;1224630796;1332311;27/01/2026;WALLET;PAGOS27012026.csv
27012026;1224295465;285200;27/01/2026;WALLET;PAGOS27012026.csv
27012026;1224074687;942986;27/01/2026;WALLET;PAGOS27012026.csv
27012026;1224479789;147000;27/01/2026;WALLET;PAGOS27012026.csv
27012026;1210644570;212361;27/01/2026;WALLET;PAGOS27012026.csv
27012026;1224576081;296716;27/01/2026;WALLET;PAGOS27012026.csv
27012026;1224274649;195000;27/01/2026;WALLET;PAGOS27012026.csv
27012026;1224422471;44500;27/01/2026;WALLET;PAGOS27012026.csv
27012026;1224736541;2124600;27/01/2026;WALLET;PAGOS27012026.csv
27012026;1224466436;186350;27/01/2026;WALLET;PAGOS27012026.csv
27012026;1200419631;688035;27/01/2026;WALLET;PAGOS27012026.csv
27012026;1224410849;429203;27/01/2026;WALLET;PAGOS27012026.csv
27012026;1210515812;195619;27/01/2026;WALLET;PAGOS27012026.csv
27012026;1224242112;721665;27/01/2026;WALLET;PAGOS27012026.csv
27012026;1210519576;1237631;27/01/2026;WALLET;PAGOS27012026.csv
27012026;1224519366;269551;27/01/2026;WALLET;PAGOS27012026.csv
27012026;1210287874;518665;27/01/2026;WALLET;PAGOS27012026.csv
27012026;1224231835;558093;27/01/2026;WALLET;PAGOS27012026.csv
27012026;1224525552;292800;27/01/2026;WALLET;PAGOS27012026.csv
27012026;1224101966;2950650;27/01/2026;WALLET;PAGOS27012026.csv
27012026;1210226875;31020;27/01/2026;WALLET;PAGOS27012026.csv
27012026;1224487718;164488;27/01/2026;WALLET;PAGOS27012026.csv
27012026;1210328847;207400;27/01/2026;WALLET;PAGOS27012026.csv
27012026;1224330233;316964;27/01/2026;WALLET;PAGOS27012026.csv
27012026;1201375375;2987730;27/01/2026;WALLET;PAGOS27012026.csv
27012026;1224663340;259050;27/01/2026;WALLET;PAGOS27012026.csv
27012026;1224377214;885600;27/01/2026;WALLET;PAGOS27012026.csv
27012026;1210360149;1315529;27/01/2026;WALLET;PAGOS27012026.csv
27012026;1224536114;339405;27/01/2026;WALLET;PAGOS27012026.csv
27012026;1210554156;87500;27/01/2026;WALLET;PAGOS27012026.csv
27012026;1224611048;1239912;27/01/2026;WALLET;PAGOS27012026.csv
27012026;1224315281;55856;27/01/2026;WALLET;PAGOS27012026.csv
27012026;1224615530;260200;27/01/2026;WALLET;PAGOS27012026.csv
27012026;1224531503;493400;27/01/2026;WALLET;PAGOS27012026.csv
27012026;1210161080;322005;27/01/2026;WALLET;PAGOS27012026.csv
27012026;1200023358;65000;27/01/2026;WALLET;PAGOS27012026.csv
27012026;1210660729;57500;27/01/2026;WALLET;PAGOS27012026.csv
27012026;1224430240;1186786;27/01/2026;WALLET;PAGOS27012026.csv
27012026;1224577847;131200;27/01/2026;WALLET;PAGOS27012026.csv
27012026;1224741334;2998045;27/01/2026;WALLET;PAGOS27012026.csv
27012026;1202483750;702913;27/01/2026;WALLET;PAGOS27012026.csv
27012026;1210569888;338775;27/01/2026;WALLET;PAGOS27012026.csv
27012026;1224491018;4477975;27/01/2026;WALLET;PAGOS27012026.csv
27012026;1210614286;1326600;27/01/2026;WALLET;PAGOS27012026.csv
27012026;1210062422;2862898;27/01/2026;WALLET;PAGOS27012026.csv
27012026;1224708782;2572304;27/01/2026;WALLET;PAGOS27012026.csv
27012026;1224463190;167167;27/01/2026;WALLET;PAGOS27012026.csv
27012026;1224371727;287600;27/01/2026;WALLET;PAGOS27012026.csv
27012026;1201349305;455972;27/01/2026;WALLET;PAGOS27012026.csv
27012026;1201870503;298158;27/01/2026;WALLET;PAGOS27012026.csv
27012026;1210237427;70000;27/01/2026;WALLET;PAGOS27012026.csv
27012026;1224342748;2615992;27/01/2026;WALLET;PAGOS27012026.csv
27012026;1224073827;2014981;27/01/2026;WALLET;PAGOS27012026.csv
27012026;1224607763;91520;27/01/2026;WALLET;PAGOS27012026.csv
27012026;1202609947;952649;27/01/2026;WALLET;PAGOS27012026.csv
27012026;1224097080;328860;27/01/2026;WALLET;PAGOS27012026.csv
27012026;1224632152;594950;27/01/2026;TRANSFERENCIA;PAGOS27012026.csv
27012026;1224411016;499200;27/01/2026;TRANSFERENCIA;PAGOS27012026.csv
27012026;1210748008;645603;27/01/2026;CONSIGNACIÓN;PAGOS27012026.csv
27012026;1224670616;151800;27/01/2026;CONSIGNACIÓN;PAGOS27012026.csv
27012026;1210080294;1656200;27/01/2026;CONSIGNACIÓN;PAGOS27012026.csv
27012026;1224582493;5164400;27/01/2026;CONSIGNACIÓN;PAGOS27012026.csv
27012026;1210721493;40020;27/01/2026;CONSIGNACIÓN;PAGOS27012026.csv
27012026;1224298751;1246600;27/01/2026;CONSIGNACIÓN;PAGOS27012026.csv
27012026;1224101963;174500;27/01/2026;CONSIGNACIÓN;PAGOS27012026.csv
27012026;1205307755;598312;27/01/2026;CONSIGNACIÓN;PAGOS27012026.csv
27012026;1210152173;280400;27/01/2026;CONSIGNACIÓN;PAGOS27012026.csv
27012026;1210544567;1732199;27/01/2026;CONSIGNACIÓN;PAGOS27012026.csv
27012026;1210386154;126000;27/01/2026;CONSIGNACIÓN;PAGOS27012026.csv
27012026;1224156751;833235;27/01/2026;CONSIGNACIÓN;PAGOS27012026.csv
27012026;1200367612;791000;27/01/2026;CONSIGNACIÓN;PAGOS27012026.csv
27012026;1202610622;256400;27/01/2026;CONSIGNACIÓN;PAGOS27012026.csv
27012026;1200014272;125310;27/01/2026;CONSIGNACIÓN;PAGOS27012026.csv
27012026;1224217606;184300;27/01/2026;CONSIGNACIÓN;PAGOS27012026.csv
27012026;1224482226;496500;27/01/2026;CONSIGNACIÓN;PAGOS27012026.csv
27012026;1224174668;324600;27/01/2026;CONSIGNACIÓN;PAGOS27012026.csv
27012026;1224174668;323000;27/01/2026;CONSIGNACIÓN;PAGOS27012026.csv
27012026;1224585560;702400;27/01/2026;CONSIGNACIÓN;PAGOS27012026.csv
27012026;1224659721;1075104;27/01/2026;CONSIGNACIÓN;PAGOS27012026.csv
27012026;1205008512;206222;27/01/2026;CONSIGNACIÓN;PAGOS27012026.csv
27012026;1224252381;578800;27/01/2026;CONSIGNACIÓN;PAGOS27012026.csv
27012026;1224459462;1460600;27/01/2026;CONSIGNACIÓN;PAGOS27012026.csv
27012026;1224376839;200700;27/01/2026;CONSIGNACIÓN;PAGOS27012026.csv
27012026;1224066464;106000;27/01/2026;CONSIGNACIÓN;PAGOS27012026.csv
27012026;1224438809;147800;27/01/2026;CONSIGNACIÓN;PAGOS27012026.csv
27012026;1210024158;243500;27/01/2026;CONSIGNACIÓN;PAGOS27012026.csv
27012026;1200517017;814943;27/01/2026;CONSIGNACIÓN;PAGOS27012026.csv
27012026;1224205667;163600;27/01/2026;CONSIGNACIÓN;PAGOS27012026.csv
27012026;1224251568;370800;27/01/2026;CONSIGNACIÓN;PAGOS27012026.csv
27012026;1201272753;495541;27/01/2026;CONSIGNACIÓN;PAGOS27012026.csv
27012026;1224540254;603000;27/01/2026;CONSIGNACIÓN;PAGOS27012026.csv
27012026;1200617760;549800;27/01/2026;CONSIGNACIÓN;PAGOS27012026.csv
27012026;1200617760;204703;27/01/2026;CONSIGNACIÓN;PAGOS27012026.csv
27012026;1210550874;68850;27/01/2026;CONSIGNACIÓN;PAGOS27012026.csv
27012026;1200617760;111444;27/01/2026;CONSIGNACIÓN;PAGOS27012026.csv
27012026;1210557150;158429;27/01/2026;CONSIGNACIÓN;PAGOS27012026.csv
27012026;1224219932;252000;27/01/2026;CONSIGNACIÓN;PAGOS27012026.csv
27012026;1210622335;374221;27/01/2026;CONSIGNACIÓN;PAGOS27012026.csv
27012026;1210135249;50000;27/01/2026;CONSIGNACIÓN;PAGOS27012026.csv
27012026;1224065705;157101;27/01/2026;CONSIGNACIÓN;PAGOS27012026.csv
27012026;1224065696;729391;27/01/2026;CONSIGNACIÓN;PAGOS27012026.csv
27012026;1200990015;215000;27/01/2026;CONSIGNACIÓN;PAGOS27012026.csv
27012026;1224065705;279651;27/01/2026;CONSIGNACIÓN;PAGOS27012026.csv
27012026;1210173571;166300;27/01/2026;CONSIGNACIÓN;PAGOS27012026.csv
27012026;1224493384;1357087;27/01/2026;CONSIGNACIÓN;PAGOS27012026.csv
27012026;1224639808;627600;27/01/2026;CONSIGNACIÓN;PAGOS27012026.csv
27012026;1224232883;4243219;27/01/2026;CONSIGNACIÓN;PAGOS27012026.csv
27012026;1224398047;723200;27/01/2026;CONSIGNACIÓN;PAGOS27012026.csv
27012026;1201061524;162000;27/01/2026;CONSIGNACIÓN;PAGOS27012026.csv
27012026;1224179252;167400;27/01/2026;CONSIGNACIÓN;PAGOS27012026.csv
27012026;1224179252;50200;27/01/2026;CONSIGNACIÓN;PAGOS27012026.csv
27012026;1224179252;310268;27/01/2026;CONSIGNACIÓN;PAGOS27012026.csv
27012026;1224577468;50000;27/01/2026;CONSIGNACIÓN;PAGOS27012026.csv
27012026;1202602015;453300;27/01/2026;CONSIGNACIÓN;PAGOS27012026.csv
27012026;1224337405;200000;27/01/2026;CONSIGNACIÓN;PAGOS27012026.csv
27012026;1224573927;264690;27/01/2026;CONSIGNACIÓN;PAGOS27012026.csv
27012026;1224441471;159700;27/01/2026;CONSIGNACIÓN;PAGOS27012026.csv
27012026;1224441471;225000;27/01/2026;CONSIGNACIÓN;PAGOS27012026.csv
27012026;1224054950;483000;27/01/2026;CONSIGNACIÓN;PAGOS27012026.csv
27012026;1201683572;320611;27/01/2026;CONSIGNACIÓN;PAGOS27012026.csv
27012026;1210561390;79300;27/01/2026;CONSIGNACIÓN;PAGOS27012026.csv
27012026;1224196436;569638;27/01/2026;CONSIGNACIÓN;PAGOS27012026.csv
27012026;1210522973;140331;27/01/2026;CONSIGNACIÓN;PAGOS27012026.csv
27012026;1210539627;777199;27/01/2026;CONSIGNACIÓN;PAGOS27012026.csv
27012026;1210179542;2999686;27/01/2026;CONSIGNACIÓN;PAGOS27012026.csv
27012026;1210187668;17000;27/01/2026;CONSIGNACIÓN;PAGOS27012026.csv
27012026;1224061188;616935;27/01/2026;CONSIGNACIÓN;PAGOS27012026.csv
27012026;1224061188;649559;27/01/2026;CONSIGNACIÓN;PAGOS27012026.csv
27012026;1224435590;685061;27/01/2026;CONSIGNACIÓN;PAGOS27012026.csv
27012026;1224387665;288200;27/01/2026;CONSIGNACIÓN;PAGOS27012026.csv
27012026;1224431465;177043;27/01/2026;CONSIGNACIÓN;PAGOS27012026.csv
27012026;1224585560;258913;27/01/2026;CONSIGNACIÓN;PAGOS27012026.csv
27012026;1224271584;220959;27/01/2026;CONSIGNACIÓN;PAGOS27012026.csv
27012026;1200610916;305693;27/01/2026;CONSIGNACIÓN;PAGOS27012026.csv
27012026;1224271584;18000;27/01/2026;CONSIGNACIÓN;PAGOS27012026.csv
27012026;1224768728;801800;27/01/2026;CONSIGNACIÓN;PAGOS27012026.csv
27012026;1224271584;422483;27/01/2026;CONSIGNACIÓN;PAGOS27012026.csv
27012026;1210544188;137156;27/01/2026;CONSIGNACIÓN;PAGOS27012026.csv
27012026;1224500328;298523;27/01/2026;CONSIGNACIÓN;PAGOS27012026.csv
27012026;1210750120;2220886;27/01/2026;CONSIGNACIÓN;PAGOS27012026.csv
27012026;1224017642;852400;27/01/2026;CONSIGNACIÓN;PAGOS27012026.csv
27012026;1201683572;432056;27/01/2026;CONSIGNACIÓN;PAGOS27012026.csv
27012026;1224142148;563466;27/01/2026;CONSIGNACIÓN;PAGOS27012026.csv
27012026;1201002988;449572;27/01/2026;CONSIGNACIÓN;PAGOS27012026.csv
27012026;1224158233;1733025;27/01/2026;CONSIGNACIÓN;PAGOS27012026.csv
27012026;1210323096;175720;27/01/2026;CONSIGNACIÓN;PAGOS27012026.csv
27012026;1224271584;269551;27/01/2026;CONSIGNACIÓN;PAGOS27012026.csv
27012026;1201687085;270800;27/01/2026;CONSIGNACIÓN;PAGOS27012026.csv
27012026;1224331224;2062500;27/01/2026;CONSIGNACIÓN;PAGOS27012026.csv
27012026;1224536644;935912;27/01/2026;CONSIGNACIÓN;PAGOS27012026.csv
27012026;1210128341;534167;27/01/2026;CONSIGNACIÓN;PAGOS27012026.csv
27012026;1201918905;168587;27/01/2026;CONSIGNACIÓN;PAGOS27012026.csv
27012026;1224721225;330000;27/01/2026;CONSIGNACIÓN;PAGOS27012026.csv
27012026;1210570999;266550;27/01/2026;CONSIGNACIÓN;PAGOS27012026.csv
27012026;1210724779;1564152;27/01/2026;CONSIGNACIÓN;PAGOS27012026.csv
27012026;1210419907;7007636;27/01/2026;CONSIGNACIÓN;PAGOS27012026.csv
27012026;1224331573;595950;27/01/2026;CONSIGNACIÓN;PAGOS27012026.csv
27012026;1202251067;428244;27/01/2026;CONSIGNACIÓN;PAGOS27012026.csv
27012026;1224061188;612640;27/01/2026;CONSIGNACIÓN;PAGOS27012026.csv
27012026;1224735156;1062000;27/01/2026;CONSIGNACIÓN;PAGOS27012026.csv
27012026;1224318928;635964;27/01/2026;CONSIGNACIÓN;PAGOS27012026.csv
27012026;1224501819;82800;27/01/2026;CONSIGNACIÓN;PAGOS27012026.csv
27012026;1205001089;116143;27/01/2026;CONSIGNACIÓN;PAGOS27012026.csv
27012026;1224501819;399521;27/01/2026;CONSIGNACIÓN;PAGOS27012026.csv
27012026;1210696523;793400;27/01/2026;CONSIGNACIÓN;PAGOS27012026.csv
27012026;1224705585;446489;27/01/2026;CONSIGNACIÓN;PAGOS27012026.csv
27012026;1202136365;2716072;27/01/2026;CONSIGNACIÓN;PAGOS27012026.csv
27012026;1210284583;415000;27/01/2026;CONSIGNACIÓN;PAGOS27012026.csv
27012026;1224061311;765200;27/01/2026;CONSIGNACIÓN;PAGOS27012026.csv
27012026;1200993512;595000;27/01/2026;CONSIGNACIÓN;PAGOS27012026.csv
27012026;1224575269;586942;27/01/2026;CONSIGNACIÓN;PAGOS27012026.csv
27012026;1210596154;442079;27/01/2026;CONSIGNACIÓN;PAGOS27012026.csv
27012026;1224087633;418997;27/01/2026;CONSIGNACIÓN;PAGOS27012026.csv
27012026;1200505498;400500;27/01/2026;CONSIGNACIÓN;PAGOS27012026.csv
27012026;1201804252;198000;27/01/2026;CONSIGNACIÓN;PAGOS27012026.csv
27012026;1210744083;116143;27/01/2026;CONSIGNACIÓN;PAGOS27012026.csv
27012026;1224658796;111321;27/01/2026;CONSIGNACIÓN;PAGOS27012026.csv
27012026;1210744083;80351;27/01/2026;CONSIGNACIÓN;PAGOS27012026.csv
27012026;1224468159;79000;27/01/2026;CONSIGNACIÓN;PAGOS27012026.csv
27012026;1224124095;72000;27/01/2026;CONSIGNACIÓN;PAGOS27012026.csv
27012026;1210744083;65772;27/01/2026;CONSIGNACIÓN;PAGOS27012026.csv
27012026;1224658796;39900;27/01/2026;CONSIGNACIÓN;PAGOS27012026.csv
27012026;1210744083;36000;27/01/2026;CONSIGNACIÓN;PAGOS27012026.csv
27012026;1224211845;430100;27/01/2026;CONSIGNACIÓN;PAGOS27012026.csv
27012026;1224189468;329800;27/01/2026;CONSIGNACIÓN;PAGOS27012026.csv
27012026;1201920886;280950;27/01/2026;CONSIGNACIÓN;PAGOS27012026.csv
27012026;1224271584;204703;27/01/2026;CONSIGNACIÓN;PAGOS27012026.csv
27012026;1210307562;50200;27/01/2026;CONSIGNACIÓN;PAGOS27012026.csv
27012026;1210662257;101400;27/01/2026;CONSIGNACIÓN;PAGOS27012026.csv
27012026;1224703804;353776;27/01/2026;CONSIGNACIÓN;PAGOS27012026.csv
27012026;1224001100;153300;27/01/2026;CONSIGNACIÓN;PAGOS27012026.csv
27012026;1201905275;241000;27/01/2026;CONSIGNACIÓN;PAGOS27012026.csv
27012026;1224573671;369121;27/01/2026;CONSIGNACIÓN;PAGOS27012026.csv
27012026;1210039259;1311900;27/01/2026;CONSIGNACIÓN;PAGOS27012026.csv
27012026;1224043174;459000;27/01/2026;CONSIGNACIÓN;PAGOS27012026.csv
28012026;1224101099;663450;28/01/2026;WALLET;PAGOS28012026.csv
28012026;1224645378;604128;28/01/2026;WALLET;PAGOS28012026.csv
28012026;1224683789;483912;28/01/2026;WALLET;PAGOS28012026.csv
28012026;1224683789;255944;28/01/2026;WALLET;PAGOS28012026.csv
28012026;1224683789;590200;28/01/2026;WALLET;PAGOS28012026.csv
28012026;1224683789;1208000;28/01/2026;WALLET;PAGOS28012026.csv
28012026;1224683789;232300;28/01/2026;WALLET;PAGOS28012026.csv
28012026;1210720119;162700;28/01/2026;WALLET;PAGOS28012026.csv
28012026;1224713776;57700;28/01/2026;WALLET;PAGOS28012026.csv
28012026;1224230864;768200;28/01/2026;WALLET;PAGOS28012026.csv
28012026;1224477773;562400;28/01/2026;WALLET;PAGOS28012026.csv
28012026;1210369935;199972;28/01/2026;WALLET;PAGOS28012026.csv
28012026;1210567263;530423;28/01/2026;WALLET;PAGOS28012026.csv
28012026;1224283727;2545571;28/01/2026;WALLET;PAGOS28012026.csv
28012026;1224218391;216900;28/01/2026;WALLET;PAGOS28012026.csv
28012026;1210536905;299033;28/01/2026;WALLET;PAGOS28012026.csv
28012026;1224625112;345000;28/01/2026;WALLET;PAGOS28012026.csv
28012026;1224015311;187500;28/01/2026;WALLET;PAGOS28012026.csv
28012026;1210644432;271665;28/01/2026;WALLET;PAGOS28012026.csv
28012026;1210563832;350551;28/01/2026;WALLET;PAGOS28012026.csv
28012026;1210253473;473993;28/01/2026;WALLET;PAGOS28012026.csv
28012026;1224305732;87120;28/01/2026;WALLET;PAGOS28012026.csv
28012026;1224698181;650316;28/01/2026;WALLET;PAGOS28012026.csv
28012026;1210354520;998705;28/01/2026;WALLET;PAGOS28012026.csv
28012026;1200990015;135156;28/01/2026;WALLET;PAGOS28012026.csv
28012026;1224218391;64200;28/01/2026;WALLET;PAGOS28012026.csv
28012026;1224545526;2860618;28/01/2026;WALLET;PAGOS28012026.csv
28012026;1210337673;864000;28/01/2026;WALLET;PAGOS28012026.csv
28012026;1210160252;458600;28/01/2026;WALLET;PAGOS28012026.csv
28012026;1201274780;1732199;28/01/2026;WALLET;PAGOS28012026.csv
28012026;1210657570;4482000;28/01/2026;WALLET;PAGOS28012026.csv
28012026;1224439539;2837100;28/01/2026;WALLET;PAGOS28012026.csv
28012026;1224529830;2936294;28/01/2026;WALLET;PAGOS28012026.csv
28012026;1224157982;143000;28/01/2026;WALLET;PAGOS28012026.csv
28012026;1224422651;257800;28/01/2026;WALLET;PAGOS28012026.csv
28012026;1224421918;172800;28/01/2026;WALLET;PAGOS28012026.csv
28012026;1201683835;705239;28/01/2026;WALLET;PAGOS28012026.csv
28012026;1201810299;280000;28/01/2026;WALLET;PAGOS28012026.csv
28012026;1224411512;502186;28/01/2026;WALLET;PAGOS28012026.csv
28012026;1210154094;1741500;28/01/2026;WALLET;PAGOS28012026.csv
28012026;1210484971;3615979;28/01/2026;WALLET;PAGOS28012026.csv
28012026;1224524604;287000;28/01/2026;WALLET;PAGOS28012026.csv
28012026;1210484971;672000;28/01/2026;WALLET;PAGOS28012026.csv
28012026;1210744272;444000;28/01/2026;WALLET;PAGOS28012026.csv
28012026;1224759789;284300;28/01/2026;WALLET;PAGOS28012026.csv
28012026;1210198723;180200;28/01/2026;WALLET;PAGOS28012026.csv
28012026;1224070049;470100;28/01/2026;WALLET;PAGOS28012026.csv
28012026;1210749252;357693;28/01/2026;WALLET;PAGOS28012026.csv
28012026;1210135991;544144;28/01/2026;WALLET;PAGOS28012026.csv
28012026;1224276086;303669;28/01/2026;WALLET;PAGOS28012026.csv
28012026;1224627510;385500;28/01/2026;WALLET;PAGOS28012026.csv
28012026;1210519576;1618850;28/01/2026;WALLET;PAGOS28012026.csv
28012026;1210730392;225400;28/01/2026;WALLET;PAGOS28012026.csv
28012026;1224386084;981717;28/01/2026;WALLET;PAGOS28012026.csv
28012026;1210491490;620528;28/01/2026;WALLET;PAGOS28012026.csv
28012026;1201187802;110000;28/01/2026;WALLET;PAGOS28012026.csv
28012026;1200168102;1224100;28/01/2026;TRANSFERENCIA;PAGOS28012026.csv
28012026;1224660468;3287046;28/01/2026;TRANSFERENCIA;PAGOS28012026.csv
28012026;1210488891;577200;28/01/2026;TRANSFERENCIA;PAGOS28012026.csv
28012026;1210425938;889723;28/01/2026;TRANSFERENCIA;PAGOS28012026.csv
28012026;1210516154;82500;28/01/2026;TRANSFERENCIA;PAGOS28012026.csv
28012026;1224600637;407150;28/01/2026;TRANSFERENCIA;PAGOS28012026.csv
28012026;1224628741;368400;28/01/2026;CONSIGNACIÓN;PAGOS28012026.csv
28012026;1201379867;230295;28/01/2026;CONSIGNACIÓN;PAGOS28012026.csv
28012026;1224174668;230600;28/01/2026;CONSIGNACIÓN;PAGOS28012026.csv
28012026;1224174668;321100;28/01/2026;CONSIGNACIÓN;PAGOS28012026.csv
28012026;1224174668;95200;28/01/2026;CONSIGNACIÓN;PAGOS28012026.csv
28012026;1224174668;68700;28/01/2026;CONSIGNACIÓN;PAGOS28012026.csv
28012026;1200003207;366572;28/01/2026;CONSIGNACIÓN;PAGOS28012026.csv
28012026;1200993512;491028;28/01/2026;CONSIGNACIÓN;PAGOS28012026.csv
28012026;1200993512;410800;28/01/2026;CONSIGNACIÓN;PAGOS28012026.csv
28012026;1224156751;708878;28/01/2026;CONSIGNACIÓN;PAGOS28012026.csv
28012026;1224621907;87500;28/01/2026;CONSIGNACIÓN;PAGOS28012026.csv
28012026;1210604386;1845100;28/01/2026;CONSIGNACIÓN;PAGOS28012026.csv
28012026;1210154479;299256;28/01/2026;CONSIGNACIÓN;PAGOS28012026.csv
28012026;1210363531;450200;28/01/2026;CONSIGNACIÓN;PAGOS28012026.csv
28012026;1224029021;155000;28/01/2026;CONSIGNACIÓN;PAGOS28012026.csv
28012026;1224248533;574300;28/01/2026;CONSIGNACIÓN;PAGOS28012026.csv
28012026;1224528692;640400;28/01/2026;CONSIGNACIÓN;PAGOS28012026.csv
28012026;1205100568;313223;28/01/2026;CONSIGNACIÓN;PAGOS28012026.csv
28012026;1224104844;221700;28/01/2026;CONSIGNACIÓN;PAGOS28012026.csv
28012026;1224502209;226050;28/01/2026;CONSIGNACIÓN;PAGOS28012026.csv
28012026;1224574994;611400;28/01/2026;CONSIGNACIÓN;PAGOS28012026.csv
28012026;1224104393;287641;28/01/2026;CONSIGNACIÓN;PAGOS28012026.csv
28012026;1200993512;348800;28/01/2026;CONSIGNACIÓN;PAGOS28012026.csv
28012026;1224531967;535000;28/01/2026;CONSIGNACIÓN;PAGOS28012026.csv
28012026;1224236577;765800;28/01/2026;CONSIGNACIÓN;PAGOS28012026.csv
28012026;1210232115;1130473;28/01/2026;CONSIGNACIÓN;PAGOS28012026.csv
28012026;1210196936;303700;28/01/2026;CONSIGNACIÓN;PAGOS28012026.csv
28012026;1210196936;157600;28/01/2026;CONSIGNACIÓN;PAGOS28012026.csv
28012026;1210196936;28900;28/01/2026;CONSIGNACIÓN;PAGOS28012026.csv
28012026;1224058693;699200;28/01/2026;CONSIGNACIÓN;PAGOS28012026.csv
28012026;1224223937;930600;28/01/2026;CONSIGNACIÓN;PAGOS28012026.csv
28012026;1224501819;188063;28/01/2026;CONSIGNACIÓN;PAGOS28012026.csv
28012026;1224358753;558229;28/01/2026;CONSIGNACIÓN;PAGOS28012026.csv
28012026;1201687085;65520;28/01/2026;CONSIGNACIÓN;PAGOS28012026.csv
28012026;1201375525;505268;28/01/2026;CONSIGNACIÓN;PAGOS28012026.csv
28012026;1210424431;431000;28/01/2026;CONSIGNACIÓN;PAGOS28012026.csv
28012026;1224197278;862700;28/01/2026;CONSIGNACIÓN;PAGOS28012026.csv
28012026;1224522999;134400;28/01/2026;CONSIGNACIÓN;PAGOS28012026.csv
28012026;1224396454;5002320;28/01/2026;CONSIGNACIÓN;PAGOS28012026.csv
28012026;1205102951;84200;28/01/2026;CONSIGNACIÓN;PAGOS28012026.csv
28012026;1205102951;116045;28/01/2026;CONSIGNACIÓN;PAGOS28012026.csv
28012026;1224396454;5197722;28/01/2026;CONSIGNACIÓN;PAGOS28012026.csv
28012026;1224396454;4000000;28/01/2026;CONSIGNACIÓN;PAGOS28012026.csv
28012026;1210589678;969583;28/01/2026;CONSIGNACIÓN;PAGOS28012026.csv
28012026;1224605773;579500;28/01/2026;CONSIGNACIÓN;PAGOS28012026.csv
28012026;1224266285;1414760;28/01/2026;CONSIGNACIÓN;PAGOS28012026.csv
28012026;1200529010;99100;28/01/2026;CONSIGNACIÓN;PAGOS28012026.csv
28012026;1200529010;65000;28/01/2026;CONSIGNACIÓN;PAGOS28012026.csv
28012026;1224752302;798191;28/01/2026;CONSIGNACIÓN;PAGOS28012026.csv
28012026;1200518507;245000;28/01/2026;CONSIGNACIÓN;PAGOS28012026.csv
28012026;1224028937;172600;28/01/2026;CONSIGNACIÓN;PAGOS28012026.csv
28012026;1224065696;282811;28/01/2026;CONSIGNACIÓN;PAGOS28012026.csv
28012026;1224595030;1264500;28/01/2026;CONSIGNACIÓN;PAGOS28012026.csv
28012026;1224029012;751218;28/01/2026;CONSIGNACIÓN;PAGOS28012026.csv
28012026;1224421473;209700;28/01/2026;CONSIGNACIÓN;PAGOS28012026.csv
28012026;1224421473;2211319;28/01/2026;CONSIGNACIÓN;PAGOS28012026.csv
28012026;1224421473;766231;28/01/2026;CONSIGNACIÓN;PAGOS28012026.csv
28012026;1224075393;122500;28/01/2026;CONSIGNACIÓN;PAGOS28012026.csv
28012026;1224075393;110000;28/01/2026;CONSIGNACIÓN;PAGOS28012026.csv
28012026;1224292334;676179;28/01/2026;CONSIGNACIÓN;PAGOS28012026.csv
28012026;1210581390;349100;28/01/2026;CONSIGNACIÓN;PAGOS28012026.csv
28012026;1224437568;1542422;28/01/2026;CONSIGNACIÓN;PAGOS28012026.csv
28012026;1210206124;81300;28/01/2026;CONSIGNACIÓN;PAGOS28012026.csv
28012026;1224159112;1970400;28/01/2026;CONSIGNACIÓN;PAGOS28012026.csv
28012026;1224087980;124161;28/01/2026;CONSIGNACIÓN;PAGOS28012026.csv
28012026;1224437568;631099;28/01/2026;CONSIGNACIÓN;PAGOS28012026.csv
28012026;1200014272;1601373;28/01/2026;CONSIGNACIÓN;PAGOS28012026.csv
28012026;1202614929;56500;28/01/2026;CONSIGNACIÓN;PAGOS28012026.csv
28012026;1210181153;175050;28/01/2026;CONSIGNACIÓN;PAGOS28012026.csv
28012026;1210743188;362100;28/01/2026;CONSIGNACIÓN;PAGOS28012026.csv
28012026;1210274579;76300;28/01/2026;CONSIGNACIÓN;PAGOS28012026.csv
28012026;1224122463;57888;28/01/2026;CONSIGNACIÓN;PAGOS28012026.csv
28012026;1224362165;3281500;28/01/2026;CONSIGNACIÓN;PAGOS28012026.csv
28012026;1224122463;107501;28/01/2026;CONSIGNACIÓN;PAGOS28012026.csv
28012026;1224243288;225100;28/01/2026;CONSIGNACIÓN;PAGOS28012026.csv
28012026;1224042007;861553;28/01/2026;CONSIGNACIÓN;PAGOS28012026.csv
28012026;1201104651;312500;28/01/2026;CONSIGNACIÓN;PAGOS28012026.csv
28012026;1224042007;18001;28/01/2026;CONSIGNACIÓN;PAGOS28012026.csv
28012026;1224439061;1401500;28/01/2026;CONSIGNACIÓN;PAGOS28012026.csv
28012026;1201263700;658500;28/01/2026;CONSIGNACIÓN;PAGOS28012026.csv
28012026;1224487959;1306300;28/01/2026;CONSIGNACIÓN;PAGOS28012026.csv
28012026;1224027422;1683000;28/01/2026;CONSIGNACIÓN;PAGOS28012026.csv
28012026;1224219218;756399;28/01/2026;CONSIGNACIÓN;PAGOS28012026.csv
28012026;1201264756;621600;28/01/2026;CONSIGNACIÓN;PAGOS28012026.csv
28012026;1224019311;527000;28/01/2026;CONSIGNACIÓN;PAGOS28012026.csv
28012026;1224266284;335000;28/01/2026;CONSIGNACIÓN;PAGOS28012026.csv
29012026;1224491001;2132700;29/01/2026;WALLET;PAGOS29012026.csv
29012026;1224105112;1881100;29/01/2026;WALLET;PAGOS29012026.csv
29012026;1224649034;1057575;29/01/2026;WALLET;PAGOS29012026.csv
29012026;1224649085;780690;29/01/2026;WALLET;PAGOS29012026.csv
29012026;1201375989;165900;29/01/2026;WALLET;PAGOS29012026.csv
29012026;1224351037;372674;29/01/2026;WALLET;PAGOS29012026.csv
29012026;1224074134;365272;29/01/2026;WALLET;PAGOS29012026.csv
29012026;1224671269;454000;29/01/2026;WALLET;PAGOS29012026.csv
29012026;1210515812;157050;29/01/2026;WALLET;PAGOS29012026.csv
29012026;1224422471;245608;29/01/2026;WALLET;PAGOS29012026.csv
29012026;1210734984;294351;29/01/2026;WALLET;PAGOS29012026.csv
29012026;1224563298;326400;29/01/2026;WALLET;PAGOS29012026.csv
29012026;1210430107;1506500;29/01/2026;WALLET;PAGOS29012026.csv
29012026;1224508213;211200;29/01/2026;WALLET;PAGOS29012026.csv
29012026;1224330233;249937;29/01/2026;WALLET;PAGOS29012026.csv
29012026;1200010803;62600;29/01/2026;WALLET;PAGOS29012026.csv
29012026;1224567463;518400;29/01/2026;WALLET;PAGOS29012026.csv
29012026;1201870503;175050;29/01/2026;WALLET;PAGOS29012026.csv
29012026;1210276145;288797;29/01/2026;WALLET;PAGOS29012026.csv
29012026;1224084962;625472;29/01/2026;WALLET;PAGOS29012026.csv
29012026;1210613677;79800;29/01/2026;WALLET;PAGOS29012026.csv
29012026;1200745393;723847;29/01/2026;WALLET;PAGOS29012026.csv
29012026;1201916695;107240;29/01/2026;WALLET;PAGOS29012026.csv
29012026;1201683835;283653;29/01/2026;WALLET;PAGOS29012026.csv
29012026;1224306749;1205400;29/01/2026;WALLET;PAGOS29012026.csv
29012026;1224594257;2945600;29/01/2026;WALLET;PAGOS29012026.csv
29012026;1224644885;333850;29/01/2026;WALLET;PAGOS29012026.csv
29012026;1224546219;486400;29/01/2026;WALLET;PAGOS29012026.csv
29012026;1210735699;467400;29/01/2026;WALLET;PAGOS29012026.csv
29012026;1224734671;355600;29/01/2026;WALLET;PAGOS29012026.csv
29012026;1224577847;125700;29/01/2026;WALLET;PAGOS29012026.csv
29012026;1210451707;571400;29/01/2026;WALLET;PAGOS29012026.csv
29012026;1224646037;289800;29/01/2026;WALLET;PAGOS29012026.csv
29012026;1224537118;197700;29/01/2026;WALLET;PAGOS29012026.csv
29012026;1224385679;164000;29/01/2026;WALLET;PAGOS29012026.csv
29012026;1201835771;110242;29/01/2026;WALLET;PAGOS29012026.csv
29012026;1210660729;124850;29/01/2026;WALLET;PAGOS29012026.csv
29012026;1224653914;298000;29/01/2026;WALLET;PAGOS29012026.csv
29012026;1224685137;788921;29/01/2026;WALLET;PAGOS29012026.csv
29012026;1224477347;750500;29/01/2026;WALLET;PAGOS29012026.csv
29012026;1224550030;253300;29/01/2026;WALLET;PAGOS29012026.csv
29012026;1202483750;1015523;29/01/2026;WALLET;PAGOS29012026.csv
29012026;1224610449;2360082;29/01/2026;WALLET;PAGOS29012026.csv
29012026;1224638261;557800;29/01/2026;WALLET;PAGOS29012026.csv
29012026;1202613225;801859;29/01/2026;WALLET;PAGOS29012026.csv
29012026;1224079482;3000000;29/01/2026;WALLET;PAGOS29012026.csv
29012026;1210622344;121700;29/01/2026;WALLET;PAGOS29012026.csv
29012026;1224103558;350770;29/01/2026;WALLET;PAGOS29012026.csv
29012026;1224174045;305222;29/01/2026;WALLET;PAGOS29012026.csv
29012026;1224023928;154233;29/01/2026;WALLET;PAGOS29012026.csv
29012026;1224788152;61079;29/01/2026;WALLET;PAGOS29012026.csv
29012026;1210206526;140232;29/01/2026;WALLET;PAGOS29012026.csv
29012026;1224638290;2915101;29/01/2026;WALLET;PAGOS29012026.csv
29012026;1224396633;394519;29/01/2026;WALLET;PAGOS29012026.csv
29012026;1224055249;1207800;29/01/2026;TRANSFERENCIA;PAGOS29012026.csv
29012026;1224055249;1785200;29/01/2026;TRANSFERENCIA;PAGOS29012026.csv
29012026;1224191424;1717000;29/01/2026;TRANSFERENCIA;PAGOS29012026.csv
29012026;1224191424;1367400;29/01/2026;TRANSFERENCIA;PAGOS29012026.csv
29012026;1200529010;129330;29/01/2026;CONSIGNACIÓN;PAGOS29012026.csv
29012026;1210544804;1094400;29/01/2026;CONSIGNACIÓN;PAGOS29012026.csv
29012026;1210571044;665600;29/01/2026;CONSIGNACIÓN;PAGOS29012026.csv
29012026;1205001695;1510100;29/01/2026;CONSIGNACIÓN;PAGOS29012026.csv
29012026;1224398176;178800;29/01/2026;CONSIGNACIÓN;PAGOS29012026.csv
29012026;1210737917;254750;29/01/2026;CONSIGNACIÓN;PAGOS29012026.csv
29012026;1224681748;149100;29/01/2026;CONSIGNACIÓN;PAGOS29012026.csv
29012026;1210737917;253550;29/01/2026;CONSIGNACIÓN;PAGOS29012026.csv
29012026;1202610726;196900;29/01/2026;CONSIGNACIÓN;PAGOS29012026.csv
29012026;1210274085;135000;29/01/2026;CONSIGNACIÓN;PAGOS29012026.csv
29012026;1224296949;145600;29/01/2026;CONSIGNACIÓN;PAGOS29012026.csv
29012026;1224376839;200000;29/01/2026;CONSIGNACIÓN;PAGOS29012026.csv
29012026;1210208628;98500;29/01/2026;CONSIGNACIÓN;PAGOS29012026.csv
29012026;1224337405;15900;29/01/2026;CONSIGNACIÓN;PAGOS29012026.csv
29012026;1224338802;174641;29/01/2026;CONSIGNACIÓN;PAGOS29012026.csv
29012026;1201873058;529000;29/01/2026;CONSIGNACIÓN;PAGOS29012026.csv
29012026;1202600614;432450;29/01/2026;CONSIGNACIÓN;PAGOS29012026.csv
29012026;1224099844;102200;29/01/2026;CONSIGNACIÓN;PAGOS29012026.csv
29012026;1224453129;813000;29/01/2026;CONSIGNACIÓN;PAGOS29012026.csv
29012026;1202615168;370600;29/01/2026;CONSIGNACIÓN;PAGOS29012026.csv
29012026;1224219932;102300;29/01/2026;CONSIGNACIÓN;PAGOS29012026.csv
29012026;1210576943;55721;29/01/2026;CONSIGNACIÓN;PAGOS29012026.csv
29012026;1210576943;269600;29/01/2026;CONSIGNACIÓN;PAGOS29012026.csv
29012026;1224448776;439671;29/01/2026;CONSIGNACIÓN;PAGOS29012026.csv
29012026;1205101082;179000;29/01/2026;CONSIGNACIÓN;PAGOS29012026.csv
29012026;1224427578;88000;29/01/2026;CONSIGNACIÓN;PAGOS29012026.csv
29012026;1202608894;350000;29/01/2026;CONSIGNACIÓN;PAGOS29012026.csv
29012026;1200572849;623969;29/01/2026;CONSIGNACIÓN;PAGOS29012026.csv
29012026;1201023416;2130677;29/01/2026;CONSIGNACIÓN;PAGOS29012026.csv
29012026;1210369504;29015;29/01/2026;CONSIGNACIÓN;PAGOS29012026.csv
29012026;1210407932;398221;29/01/2026;CONSIGNACIÓN;PAGOS29012026.csv
29012026;1210196936;61199;29/01/2026;CONSIGNACIÓN;PAGOS29012026.csv
29012026;1210508255;3000000;29/01/2026;CONSIGNACIÓN;PAGOS29012026.csv
29012026;1210508255;85443;29/01/2026;CONSIGNACIÓN;PAGOS29012026.csv
29012026;1210473819;57120;29/01/2026;CONSIGNACIÓN;PAGOS29012026.csv
29012026;1224100374;97800;29/01/2026;CONSIGNACIÓN;PAGOS29012026.csv
29012026;1201346424;455250;29/01/2026;CONSIGNACIÓN;PAGOS29012026.csv
29012026;1224361854;108000;29/01/2026;CONSIGNACIÓN;PAGOS29012026.csv
29012026;1224178047;291819;29/01/2026;CONSIGNACIÓN;PAGOS29012026.csv
29012026;1201272753;367950;29/01/2026;CONSIGNACIÓN;PAGOS29012026.csv
29012026;1200560292;2980300;29/01/2026;CONSIGNACIÓN;PAGOS29012026.csv
29012026;1224027011;295000;29/01/2026;CONSIGNACIÓN;PAGOS29012026.csv
29012026;1210202967;204000;29/01/2026;CONSIGNACIÓN;PAGOS29012026.csv
29012026;1210202967;295400;29/01/2026;CONSIGNACIÓN;PAGOS29012026.csv
29012026;1210202967;284500;29/01/2026;CONSIGNACIÓN;PAGOS29012026.csv
29012026;1210202967;85704;29/01/2026;CONSIGNACIÓN;PAGOS29012026.csv
29012026;1201802082;608800;29/01/2026;CONSIGNACIÓN;PAGOS29012026.csv
29012026;1210621861;650000;29/01/2026;CONSIGNACIÓN;PAGOS29012026.csv
29012026;1210216008;202524;29/01/2026;CONSIGNACIÓN;PAGOS29012026.csv
29012026;1210216008;93900;29/01/2026;CONSIGNACIÓN;PAGOS29012026.csv
29012026;1205307755;208623;29/01/2026;CONSIGNACIÓN;PAGOS29012026.csv
29012026;1224106565;2144531;29/01/2026;CONSIGNACIÓN;PAGOS29012026.csv
29012026;1202263735;790650;29/01/2026;CONSIGNACIÓN;PAGOS29012026.csv
29012026;1224253400;806400;29/01/2026;CONSIGNACIÓN;PAGOS29012026.csv
29012026;1224544501;722218;29/01/2026;CONSIGNACIÓN;PAGOS29012026.csv
29012026;1224804769;727800;29/01/2026;CONSIGNACIÓN;PAGOS29012026.csv
29012026;1224769677;397000;29/01/2026;CONSIGNACIÓN;PAGOS29012026.csv
29012026;1210072821;950698;29/01/2026;CONSIGNACIÓN;PAGOS29012026.csv
29012026;1201918905;120887;29/01/2026;CONSIGNACIÓN;PAGOS29012026.csv
29012026;1224707736;93600;29/01/2026;CONSIGNACIÓN;PAGOS29012026.csv
29012026;1224707736;1165400;29/01/2026;CONSIGNACIÓN;PAGOS29012026.csv
29012026;1224420888;402700;29/01/2026;CONSIGNACIÓN;PAGOS29012026.csv
29012026;1224433437;898000;29/01/2026;CONSIGNACIÓN;PAGOS29012026.csv
29012026;1224148236;1069500;29/01/2026;CONSIGNACIÓN;PAGOS29012026.csv
29012026;1224148236;82600;29/01/2026;CONSIGNACIÓN;PAGOS29012026.csv
29012026;1210232115;1614530;29/01/2026;CONSIGNACIÓN;PAGOS29012026.csv
29012026;1224513271;1650600;29/01/2026;CONSIGNACIÓN;PAGOS29012026.csv
29012026;1205004677;1342962;29/01/2026;CONSIGNACIÓN;PAGOS29012026.csv
29012026;1224043915;1196800;29/01/2026;CONSIGNACIÓN;PAGOS29012026.csv
29012026;1224029146;1114371;29/01/2026;CONSIGNACIÓN;PAGOS29012026.csv
29012026;1210510490;948500;29/01/2026;CONSIGNACIÓN;PAGOS29012026.csv
29012026;1224654272;940976;29/01/2026;CONSIGNACIÓN;PAGOS29012026.csv
29012026;1224142148;869593;29/01/2026;CONSIGNACIÓN;PAGOS29012026.csv
29012026;1224073786;758700;29/01/2026;CONSIGNACIÓN;PAGOS29012026.csv
29012026;1224579319;667745;29/01/2026;CONSIGNACIÓN;PAGOS29012026.csv
29012026;1210317064;427513;29/01/2026;CONSIGNACIÓN;PAGOS29012026.csv
29012026;1224087633;417299;29/01/2026;CONSIGNACIÓN;PAGOS29012026.csv
29012026;1200003207;398950;29/01/2026;CONSIGNACIÓN;PAGOS29012026.csv
29012026;1201687085;365900;29/01/2026;CONSIGNACIÓN;PAGOS29012026.csv
29012026;1210412619;352691;29/01/2026;CONSIGNACIÓN;PAGOS29012026.csv
29012026;1224086194;265599;29/01/2026;CONSIGNACIÓN;PAGOS29012026.csv
29012026;1224185672;248400;29/01/2026;CONSIGNACIÓN;PAGOS29012026.csv
29012026;1224435725;126227;29/01/2026;CONSIGNACIÓN;PAGOS29012026.csv
29012026;1224185672;95000;29/01/2026;CONSIGNACIÓN;PAGOS29012026.csv
29012026;1201365896;81300;29/01/2026;CONSIGNACIÓN;PAGOS29012026.csv
29012026;1224642694;297089;29/01/2026;CONSIGNACIÓN;PAGOS29012026.csv
29012026;1210466801;159535;29/01/2026;CONSIGNACIÓN;PAGOS29012026.csv
29012026;1224256645;823000;29/01/2026;CONSIGNACIÓN;PAGOS29012026.csv
29012026;1202251487;181518;29/01/2026;CONSIGNACIÓN;PAGOS29012026.csv
29012026;1210596154;65536;29/01/2026;CONSIGNACIÓN;PAGOS29012026.csv
29012026;1210173571;245055;29/01/2026;CONSIGNACIÓN;PAGOS29012026.csv
29012026;1210173571;150000;29/01/2026;CONSIGNACIÓN;PAGOS29012026.csv
29012026;1224788152;206521;29/01/2026;CONSIGNACIÓN;PAGOS29012026.csv
29012026;1224668097;1334100;29/01/2026;CONSIGNACIÓN;PAGOS29012026.csv
30012026;1224090985;992850;30/01/2026;WALLET;PAGOS30012026.csv
30012026;1224632933;660258;30/01/2026;WALLET;PAGOS30012026.csv
30012026;1224548826;448100;30/01/2026;WALLET;PAGOS30012026.csv
30012026;1224666792;928200;30/01/2026;WALLET;PAGOS30012026.csv
30012026;1224164140;4495746;30/01/2026;WALLET;PAGOS30012026.csv
30012026;1210629649;639900;30/01/2026;WALLET;PAGOS30012026.csv
30012026;1224610440;212044;30/01/2026;WALLET;PAGOS30012026.csv
30012026;1224266074;975400;30/01/2026;WALLET;PAGOS30012026.csv
30012026;1210644570;300170;30/01/2026;WALLET;PAGOS30012026.csv
30012026;1224464597;650000;30/01/2026;WALLET;PAGOS30012026.csv
30012026;1210549478;951369;30/01/2026;WALLET;PAGOS30012026.csv
30012026;1224662664;350800;30/01/2026;WALLET;PAGOS30012026.csv
30012026;1201531594;534251;30/01/2026;WALLET;PAGOS30012026.csv
30012026;1210644432;232337;30/01/2026;WALLET;PAGOS30012026.csv
30012026;1210328847;238700;30/01/2026;WALLET;PAGOS30012026.csv
30012026;1200419631;247997;30/01/2026;WALLET;PAGOS30012026.csv
30012026;1210253473;322700;30/01/2026;WALLET;PAGOS30012026.csv
30012026;1224595619;190092;30/01/2026;WALLET;PAGOS30012026.csv
30012026;1210321507;285126;30/01/2026;WALLET;PAGOS30012026.csv
30012026;1200415852;360331;30/01/2026;WALLET;PAGOS30012026.csv
30012026;1210119255;326685;30/01/2026;WALLET;PAGOS30012026.csv
30012026;1210614430;570076;30/01/2026;WALLET;PAGOS30012026.csv
30012026;1224713037;255750;30/01/2026;WALLET;PAGOS30012026.csv
30012026;1210356013;1864214;30/01/2026;WALLET;PAGOS30012026.csv
30012026;1210495377;120721;30/01/2026;WALLET;PAGOS30012026.csv
30012026;1205306710;268800;30/01/2026;WALLET;PAGOS30012026.csv
30012026;1210198723;177000;30/01/2026;WALLET;PAGOS30012026.csv
30012026;1224452430;320305;30/01/2026;WALLET;PAGOS30012026.csv
30012026;1200439625;794073;30/01/2026;WALLET;PAGOS30012026.csv
30012026;1224727151;315171;30/01/2026;WALLET;PAGOS30012026.csv
30012026;1224698181;612891;30/01/2026;WALLET;PAGOS30012026.csv
30012026;1224644885;1294100;30/01/2026;WALLET;PAGOS30012026.csv
30012026;1224065524;523323;30/01/2026;WALLET;PAGOS30012026.csv
30012026;1201375989;122600;30/01/2026;WALLET;PAGOS30012026.csv
30012026;1224576789;2815700;30/01/2026;WALLET;PAGOS30012026.csv
30012026;1224206766;145200;30/01/2026;WALLET;PAGOS30012026.csv
30012026;1224748645;2982000;30/01/2026;WALLET;PAGOS30012026.csv
30012026;1224474848;272892;30/01/2026;WALLET;PAGOS30012026.csv
30012026;1224181290;2589540;30/01/2026;WALLET;PAGOS30012026.csv
30012026;1224118006;587466;30/01/2026;WALLET;PAGOS30012026.csv
30012026;1224104460;1843400;30/01/2026;WALLET;PAGOS30012026.csv
30012026;1201399462;917902;30/01/2026;WALLET;PAGOS30012026.csv
30012026;1224442007;574356;30/01/2026;WALLET;PAGOS30012026.csv
30012026;1210343880;82500;30/01/2026;WALLET;PAGOS30012026.csv
30012026;1224531503;590300;30/01/2026;WALLET;PAGOS30012026.csv
30012026;1210154094;1219823;30/01/2026;WALLET;PAGOS30012026.csv
30012026;1224605642;453878;30/01/2026;WALLET;PAGOS30012026.csv
30012026;1200501597;97400;30/01/2026;WALLET;PAGOS30012026.csv
30012026;1210720119;142500;30/01/2026;WALLET;PAGOS30012026.csv
30012026;1201681885;113928;30/01/2026;WALLET;PAGOS30012026.csv
30012026;1224524604;302000;30/01/2026;WALLET;PAGOS30012026.csv
30012026;1210633036;586701;30/01/2026;WALLET;PAGOS30012026.csv
30012026;1224298729;106000;30/01/2026;WALLET;PAGOS30012026.csv
30012026;1210569888;280279;30/01/2026;WALLET;PAGOS30012026.csv
30012026;1224484707;130500;30/01/2026;WALLET;PAGOS30012026.csv
30012026;1224484707;254950;30/01/2026;WALLET;PAGOS30012026.csv
30012026;1224411512;334105;30/01/2026;WALLET;PAGOS30012026.csv
30012026;1224182517;286331;30/01/2026;WALLET;PAGOS30012026.csv
30012026;1224620507;1871949;30/01/2026;WALLET;PAGOS30012026.csv
30012026;1224474848;140000;30/01/2026;WALLET;PAGOS30012026.csv
30012026;1224135850;335655;30/01/2026;WALLET;PAGOS30012026.csv
30012026;1224548290;440300;30/01/2026;WALLET;PAGOS30012026.csv
30012026;1224706790;816585;30/01/2026;WALLET;PAGOS30012026.csv
30012026;1210748908;3086016;30/01/2026;WALLET;PAGOS30012026.csv
30012026;1205101082;1334479;30/01/2026;WALLET;PAGOS30012026.csv
30012026;1210277437;360627;30/01/2026;WALLET;PAGOS30012026.csv
30012026;1210237427;63350;30/01/2026;WALLET;PAGOS30012026.csv
30012026;1224377214;685000;30/01/2026;WALLET;PAGOS30012026.csv
30012026;1202480220;1024600;30/01/2026;WALLET;PAGOS30012026.csv
30012026;1224595619;138331;30/01/2026;WALLET;PAGOS30012026.csv
30012026;1200168102;1466800;30/01/2026;TRANSFERENCIA;PAGOS30012026.csv
30012026;1224081375;180000;30/01/2026;CONSIGNACIÓN;PAGOS30012026.csv
30012026;1210433476;352600;30/01/2026;CONSIGNACIÓN;PAGOS30012026.csv
30012026;1210152173;428900;30/01/2026;CONSIGNACIÓN;PAGOS30012026.csv
30012026;1224755464;413500;30/01/2026;CONSIGNACIÓN;PAGOS30012026.csv
30012026;1210199014;200050;30/01/2026;CONSIGNACIÓN;PAGOS30012026.csv
30012026;1224660355;625800;30/01/2026;CONSIGNACIÓN;PAGOS30012026.csv
30012026;1210196936;314100;30/01/2026;CONSIGNACIÓN;PAGOS30012026.csv
30012026;1224205667;314900;30/01/2026;CONSIGNACIÓN;PAGOS30012026.csv
30012026;1201063064;398400;30/01/2026;CONSIGNACIÓN;PAGOS30012026.csv
30012026;1224637870;208510;30/01/2026;CONSIGNACIÓN;PAGOS30012026.csv
30012026;1200610916;334700;30/01/2026;CONSIGNACIÓN;PAGOS30012026.csv
30012026;1201348333;268400;30/01/2026;CONSIGNACIÓN;PAGOS30012026.csv
30012026;1224355403;285263;30/01/2026;CONSIGNACIÓN;PAGOS30012026.csv
30012026;1224266284;738000;30/01/2026;CONSIGNACIÓN;PAGOS30012026.csv
30012026;1210422238;165600;30/01/2026;CONSIGNACIÓN;PAGOS30012026.csv
30012026;1201925584;162700;30/01/2026;CONSIGNACIÓN;PAGOS30012026.csv
30012026;1224331573;777250;30/01/2026;CONSIGNACIÓN;PAGOS30012026.csv
30012026;1224355403;562270;30/01/2026;CONSIGNACIÓN;PAGOS30012026.csv
30012026;1224469036;104500;30/01/2026;CONSIGNACIÓN;PAGOS30012026.csv
30012026;1210522973;94500;30/01/2026;CONSIGNACIÓN;PAGOS30012026.csv
30012026;1224632724;260200;30/01/2026;CONSIGNACIÓN;PAGOS30012026.csv
30012026;1224632724;551676;30/01/2026;CONSIGNACIÓN;PAGOS30012026.csv
30012026;1224483658;942600;30/01/2026;CONSIGNACIÓN;PAGOS30012026.csv
30012026;1224193900;582250;30/01/2026;CONSIGNACIÓN;PAGOS30012026.csv
30012026;1224585560;512846;30/01/2026;CONSIGNACIÓN;PAGOS30012026.csv
30012026;1201347521;192700;30/01/2026;CONSIGNACIÓN;PAGOS30012026.csv
30012026;1224038440;1748400;30/01/2026;CONSIGNACIÓN;PAGOS30012026.csv
30012026;1200511638;233906;30/01/2026;CONSIGNACIÓN;PAGOS30012026.csv
30012026;1224009596;1351850;30/01/2026;CONSIGNACIÓN;PAGOS30012026.csv
30012026;1210691542;491000;30/01/2026;CONSIGNACIÓN;PAGOS30012026.csv
30012026;1224248533;1122400;30/01/2026;CONSIGNACIÓN;PAGOS30012026.csv
30012026;1210592203;748200;30/01/2026;CONSIGNACIÓN;PAGOS30012026.csv
30012026;1224290538;322600;30/01/2026;CONSIGNACIÓN;PAGOS30012026.csv
30012026;1201259915;269428;30/01/2026;CONSIGNACIÓN;PAGOS30012026.csv
30012026;1201259915;76272;30/01/2026;CONSIGNACIÓN;PAGOS30012026.csv
30012026;1224590543;6684225;30/01/2026;CONSIGNACIÓN;PAGOS30012026.csv
30012026;1210748008;213600;30/01/2026;CONSIGNACIÓN;PAGOS30012026.csv
30012026;1210323096;120000;30/01/2026;CONSIGNACIÓN;PAGOS30012026.csv
30012026;1224045661;82600;30/01/2026;CONSIGNACIÓN;PAGOS30012026.csv
30012026;1201535532;644772;30/01/2026;CONSIGNACIÓN;PAGOS30012026.csv
30012026;1224355403;337774;30/01/2026;CONSIGNACIÓN;PAGOS30012026.csv
30012026;1200500940;576828;30/01/2026;CONSIGNACIÓN;PAGOS30012026.csv
30012026;1210690177;47550;30/01/2026;CONSIGNACIÓN;PAGOS30012026.csv
30012026;1201345531;241650;30/01/2026;CONSIGNACIÓN;PAGOS30012026.csv
30012026;1210690177;55856;30/01/2026;CONSIGNACIÓN;PAGOS30012026.csv
30012026;1210690177;65766;30/01/2026;CONSIGNACIÓN;PAGOS30012026.csv
30012026;1210616607;544600;30/01/2026;CONSIGNACIÓN;PAGOS30012026.csv
30012026;1210617638;152500;30/01/2026;CONSIGNACIÓN;PAGOS30012026.csv
30012026;1224128122;437500;30/01/2026;CONSIGNACIÓN;PAGOS30012026.csv
30012026;1210721617;57150;30/01/2026;CONSIGNACIÓN;PAGOS30012026.csv
30012026;1224383260;327861;30/01/2026;CONSIGNACIÓN;PAGOS30012026.csv
30012026;1210640445;82800;30/01/2026;CONSIGNACIÓN;PAGOS30012026.csv
30012026;1224572234;57873;30/01/2026;CONSIGNACIÓN;PAGOS30012026.csv
30012026;1210640445;851500;30/01/2026;CONSIGNACIÓN;PAGOS30012026.csv
30012026;1210310707;776200;30/01/2026;CONSIGNACIÓN;PAGOS30012026.csv
30012026;1210206124;137253;30/01/2026;CONSIGNACIÓN;PAGOS30012026.csv
30012026;1224042007;537852;30/01/2026;CONSIGNACIÓN;PAGOS30012026.csv
30012026;1201002988;640900;30/01/2026;CONSIGNACIÓN;PAGOS30012026.csv
30012026;1210088571;295000;30/01/2026;CONSIGNACIÓN;PAGOS30012026.csv
30012026;1224687076;823833;30/01/2026;CONSIGNACIÓN;PAGOS30012026.csv
30012026;1210425938;1128193;30/01/2026;CONSIGNACIÓN;PAGOS30012026.csv
30012026;1224366534;538000;30/01/2026;CONSIGNACIÓN;PAGOS30012026.csv
30012026;1201750987;1430309;30/01/2026;CONSIGNACIÓN;PAGOS30012026.csv
30012026;1201386180;84250;30/01/2026;CONSIGNACIÓN;PAGOS30012026.csv
30012026;1200670517;774095;30/01/2026;CONSIGNACIÓN;PAGOS30012026.csv
30012026;1201866770;553596;30/01/2026;CONSIGNACIÓN;PAGOS30012026.csv
30012026;1224152323;1806600;30/01/2026;CONSIGNACIÓN;PAGOS30012026.csv
30012026;1224549069;168000;30/01/2026;CONSIGNACIÓN;PAGOS30012026.csv
30012026;1224152323;523800;30/01/2026;CONSIGNACIÓN;PAGOS30012026.csv
30012026;1224540705;403200;30/01/2026;CONSIGNACIÓN;PAGOS30012026.csv
30012026;1224540705;940800;30/01/2026;CONSIGNACIÓN;PAGOS30012026.csv
30012026;1224152128;969750;30/01/2026;CONSIGNACIÓN;PAGOS30012026.csv
30012026;1224432239;8994800;30/01/2026;CONSIGNACIÓN;PAGOS30012026.csv
31012026;1224504412;403600;31/01/2026;WALLET;PAGOS31012026.csv
31012026;1224103293;55000;31/01/2026;WALLET;PAGOS31012026.csv
31012026;1224242112;714306;31/01/2026;WALLET;PAGOS31012026.csv
31012026;1200748676;330457;31/01/2026;WALLET;PAGOS31012026.csv
31012026;1224322002;589998;31/01/2026;WALLET;PAGOS31012026.csv
31012026;1224666858;470376;31/01/2026;WALLET;PAGOS31012026.csv
31012026;1224577847;82200;31/01/2026;WALLET;PAGOS31012026.csv
31012026;1200160612;1181116;31/01/2026;WALLET;PAGOS31012026.csv
31012026;1224666792;466000;31/01/2026;WALLET;PAGOS31012026.csv
31012026;1224576081;271161;31/01/2026;WALLET;PAGOS31012026.csv
31012026;1210550896;637400;31/01/2026;WALLET;PAGOS31012026.csv
31012026;1224648261;793900;31/01/2026;WALLET;PAGOS31012026.csv
31012026;1224769845;285800;31/01/2026;WALLET;PAGOS31012026.csv
31012026;1224015311;1613100;31/01/2026;WALLET;PAGOS31012026.csv
31012026;1224348634;1075196;31/01/2026;WALLET;PAGOS31012026.csv
31012026;1224563298;190499;31/01/2026;WALLET;PAGOS31012026.csv
31012026;1224624175;168512;31/01/2026;WALLET;PAGOS31012026.csv
31012026;1210515812;340000;31/01/2026;WALLET;PAGOS31012026.csv
31012026;1224670335;423000;31/01/2026;WALLET;PAGOS31012026.csv
31012026;1224670164;1479100;31/01/2026;WALLET;PAGOS31012026.csv
31012026;1224091119;157000;31/01/2026;WALLET;PAGOS31012026.csv
31012026;1224421343;384000;31/01/2026;WALLET;PAGOS31012026.csv
31012026;1224422471;272200;31/01/2026;WALLET;PAGOS31012026.csv
31012026;1224017237;259944;31/01/2026;WALLET;PAGOS31012026.csv
31012026;1210744272;392800;31/01/2026;WALLET;PAGOS31012026.csv
31012026;1224103558;526155;31/01/2026;WALLET;PAGOS31012026.csv
31012026;1210439136;422594;31/01/2026;WALLET;PAGOS31012026.csv
31012026;1224109826;911038;31/01/2026;WALLET;PAGOS31012026.csv
31012026;1224164140;54000;31/01/2026;WALLET;PAGOS31012026.csv
31012026;1200990015;306929;31/01/2026;WALLET;PAGOS31012026.csv
31012026;1201531594;410120;31/01/2026;WALLET;PAGOS31012026.csv
31012026;1210660729;190000;31/01/2026;WALLET;PAGOS31012026.csv
31012026;1202483750;768852;31/01/2026;WALLET;PAGOS31012026.csv
31012026;1224524604;276000;31/01/2026;WALLET;PAGOS31012026.csv
31012026;1210321507;156400;31/01/2026;WALLET;PAGOS31012026.csv
31012026;1224332338;1492200;31/01/2026;WALLET;PAGOS31012026.csv
31012026;1224038973;605962;31/01/2026;WALLET;PAGOS31012026.csv
31012026;1210730054;219000;31/01/2026;WALLET;PAGOS31012026.csv
31012026;1224592602;577998;31/01/2026;WALLET;PAGOS31012026.csv
31012026;1210369415;66490;31/01/2026;TRANSFERENCIA;PAGOS31012026.csv
31012026;1224400739;2890522;31/01/2026;TRANSFERENCIA;PAGOS31012026.csv
31012026;1210590091;365116;31/01/2026;CONSIGNACIÓN;PAGOS31012026.csv
31012026;1201016667;435491;31/01/2026;CONSIGNACIÓN;PAGOS31012026.csv
31012026;1224239401;136000;31/01/2026;CONSIGNACIÓN;PAGOS31012026.csv
31012026;1202615168;357536;31/01/2026;CONSIGNACIÓN;PAGOS31012026.csv
31012026;1201539881;200900;31/01/2026;CONSIGNACIÓN;PAGOS31012026.csv
31012026;1201539881;107200;31/01/2026;CONSIGNACIÓN;PAGOS31012026.csv
31012026;1201539881;82800;31/01/2026;CONSIGNACIÓN;PAGOS31012026.csv
31012026;1201539881;98650;31/01/2026;CONSIGNACIÓN;PAGOS31012026.csv
31012026;1201539881;22100;31/01/2026;CONSIGNACIÓN;PAGOS31012026.csv
31012026;1224030239;243800;31/01/2026;CONSIGNACIÓN;PAGOS31012026.csv
31012026;1200518507;272200;31/01/2026;CONSIGNACIÓN;PAGOS31012026.csv
31012026;1224314571;259500;31/01/2026;CONSIGNACIÓN;PAGOS31012026.csv
31012026;1210642644;241050;31/01/2026;CONSIGNACIÓN;PAGOS31012026.csv
31012026;1202600614;210000;31/01/2026;CONSIGNACIÓN;PAGOS31012026.csv
31012026;1202600614;111700;31/01/2026;CONSIGNACIÓN;PAGOS31012026.csv
31012026;1224174668;391800;31/01/2026;CONSIGNACIÓN;PAGOS31012026.csv
31012026;1224174668;209000;31/01/2026;CONSIGNACIÓN;PAGOS31012026.csv
31012026;1224174668;120000;31/01/2026;CONSIGNACIÓN;PAGOS31012026.csv
31012026;1201063064;236800;31/01/2026;CONSIGNACIÓN;PAGOS31012026.csv
31012026;1210138838;131039;31/01/2026;CONSIGNACIÓN;PAGOS31012026.csv
31012026;1205008512;63000;31/01/2026;CONSIGNACIÓN;PAGOS31012026.csv
31012026;1224768728;188600;31/01/2026;CONSIGNACIÓN;PAGOS31012026.csv
31012026;1210576943;116128;31/01/2026;CONSIGNACIÓN;PAGOS31012026.csv
31012026;1210576943;73800;31/01/2026;CONSIGNACIÓN;PAGOS31012026.csv
31012026;1210187668;4408911;31/01/2026;CONSIGNACIÓN;PAGOS31012026.csv
31012026;1200759251;3220812;31/01/2026;CONSIGNACIÓN;PAGOS31012026.csv
31012026;1210568399;151961;31/01/2026;CONSIGNACIÓN;PAGOS31012026.csv
31012026;1224235008;598400;31/01/2026;CONSIGNACIÓN;PAGOS31012026.csv
31012026;1224596606;291200;31/01/2026;CONSIGNACIÓN;PAGOS31012026.csv
31012026;1200548073;438679;31/01/2026;CONSIGNACIÓN;PAGOS31012026.csv
31012026;1224522999;145200;31/01/2026;CONSIGNACIÓN;PAGOS31012026.csv
31012026;1200505498;501811;31/01/2026;CONSIGNACIÓN;PAGOS31012026.csv
31012026;1210524516;237979;31/01/2026;CONSIGNACIÓN;PAGOS31012026.csv
31012026;1210618442;247720;31/01/2026;CONSIGNACIÓN;PAGOS31012026.csv
31012026;1210568399;150800;31/01/2026;CONSIGNACIÓN;PAGOS31012026.csv
31012026;1210447490;151700;31/01/2026;CONSIGNACIÓN;PAGOS31012026.csv
31012026;1200500613;243600;31/01/2026;CONSIGNACIÓN;PAGOS31012026.csv
31012026;1210181153;168000;31/01/2026;CONSIGNACIÓN;PAGOS31012026.csv
31012026;1224575269;597050;31/01/2026;CONSIGNACIÓN;PAGOS31012026.csv
31012026;1210357550;517800;31/01/2026;CONSIGNACIÓN;PAGOS31012026.csv
31012026;1224574936;858484;31/01/2026;CONSIGNACIÓN;PAGOS31012026.csv
31012026;1210622695;164773;31/01/2026;CONSIGNACIÓN;PAGOS31012026.csv
31012026;1224121560;940120;31/01/2026;CONSIGNACIÓN;PAGOS31012026.csv
31012026;1210575139;710000;31/01/2026;CONSIGNACIÓN;PAGOS31012026.csv
31012026;1200529010;48393;31/01/2026;CONSIGNACIÓN;PAGOS31012026.csv
31012026;1224472956;1307000;31/01/2026;CONSIGNACIÓN;PAGOS31012026.csv
31012026;1224159342;371000;31/01/2026;CONSIGNACIÓN;PAGOS31012026.csv
31012026;1201061524;110000;31/01/2026;CONSIGNACIÓN;PAGOS31012026.csv
31012026;1201687085;309200;31/01/2026;CONSIGNACIÓN;PAGOS31012026.csv
31012026;1210613556;194500;31/01/2026;CONSIGNACIÓN;PAGOS31012026.csv
31012026;1224754358;314200;31/01/2026;CONSIGNACIÓN;PAGOS31012026.csv
31012026;1210283551;530323;31/01/2026;CONSIGNACIÓN;PAGOS31012026.csv
31012026;1224654670;617024;31/01/2026;CONSIGNACIÓN;PAGOS31012026.csv
31012026;1210180334;592089;31/01/2026;CONSIGNACIÓN;PAGOS31012026.csv
31012026;1224223911;1240685;31/01/2026;CONSIGNACIÓN;PAGOS31012026.csv
31012026;1201357867;70000;31/01/2026;CONSIGNACIÓN;PAGOS31012026.csv
31012026;1201379867;240241;31/01/2026;CONSIGNACIÓN;PAGOS31012026.csv
31012026;1224156751;163610;31/01/2026;CONSIGNACIÓN;PAGOS31012026.csv
31012026;1224296329;302500;31/01/2026;CONSIGNACIÓN;PAGOS31012026.csv
31012026;1224449268;416300;31/01/2026;CONSIGNACIÓN;PAGOS31012026.csv
31012026;1224243288;261100;31/01/2026;CONSIGNACIÓN;PAGOS31012026.csv
31012026;1201349089;27861;31/01/2026;CONSIGNACIÓN;PAGOS31012026.csv
31012026;1201349089;159600;31/01/2026;CONSIGNACIÓN;PAGOS31012026.csv
31012026;1201349089;33862;31/01/2026;CONSIGNACIÓN;PAGOS31012026.csv
31012026;1224354541;450000;31/01/2026;CONSIGNACIÓN;PAGOS31012026.csv
31012026;1210466801;111600;31/01/2026;CONSIGNACIÓN;PAGOS31012026.csv
